Account ID,Account Name,Phone,Website,Industry,Account Type,Billing Address,Created Date,Country
00185W9JM0WGLDW,"Cruz, Harvey and Flores",891-908-8153x842,http://nichols-ford.com/,Finance,Vendor,"1840 Penny Field
New Martha, MI 54177",2024-09-18,Guernsey
001BMQYPOHWCJWZ,Colon Group,+1-419-462-4081x3897,https://www.james.com/,Finance,Partner,"431 Thompson Springs Apt. 865
Gabriellebury, HI 96445",2024-08-02,Malawi
001APQ5M0FA6IP4,Mcdonald-Rodriguez,+1-644-475-4039x3979,https://park.net/,Manufacturing,Customer,"6176 Jennifer Harbors Apt. 166
East Richardborough, MD 43017",2024-10-17,Tajikistan
001UQXX290ORG3C,Hebert and Sons,6817336736,http://rivera.com/,Finance,Partner,"07442 Mark Course Apt. 321
Pennychester, RI 55057",2024-01-15,Saint Helena
001ZF3GARM89AOS,"Weeks, Flores and Banks",001-188-980-4085x28672,https://www.hoffman.com/,Retail,Partner,"2267 Shannon Corner
Codyberg, OH 01281",2024-11-13,Palestinian Territory
001S1CYGP4DDNG9,"Jones, Vincent and Barber",791.634.4813x15283,https://richardson.com/,Education,Partner,"80224 Flores Inlet
Bryantstad, DC 50610",2024-12-21,Norway
001MM3030266T5L,Woodward LLC,368-839-7242,http://www.dougherty.net/,Healthcare,Prospect,"151 Scott Road Suite 586
Port Olivia, MO 30246",2024-09-08,Oman
001XZ8TMUAP29JA,"Johnson, Butler and Terry",281.353.1602,http://hawkins-walker.info/,Finance,Prospect,"9308 Petty Gardens
West Kimberly, TX 11287",2024-05-15,Croatia
0010Q22219SK1VA,Cruz Group,597-767-9717x87454,https://nelson.com/,Technology,Partner,"72144 Lucas Causeway Apt. 387
Hollyburgh, IA 40723",2024-10-13,Liechtenstein
001944UZRAP9Q0H,Coleman-Love,+1-086-320-5422x74407,https://morales.biz/,Education,Vendor,"2389 Melissa Rapids
East Rebeccaside, NM 67612",2024-01-21,Switzerland
001ED8QE3H3R2W0,Singh LLC,(514)439-5151,https://smith-garcia.com/,Technology,Partner,"760 Mcgee Forks Suite 444
Shermanhaven, IN 04900",2024-12-14,Singapore
001D8T0SB01X4FT,Wright-Sutton,(893)785-7248x89641,https://www.hendrix.com/,Manufacturing,Prospect,"92566 Brown Cove Apt. 394
North Ashley, ND 82185",2024-11-30,Chile
001KCN48RN2CR5Y,Thomas Ltd,+1-098-605-3324,http://www.baxter-woods.com/,Manufacturing,Partner,"757 Smith Crossroad Apt. 767
Lake Taylor, MD 19325",2024-03-13,Djibouti
001E1WL17FHS8ZZ,White-Johnston,+1-894-906-7177x872,https://marsh-fox.net/,Retail,Customer,"754 Lang Corner
Sarahland, NE 12301",2024-10-01,Yemen
001CZVC54I7UA6D,"Gomez, Johnson and Lynch",439-794-4890x9098,http://www.bennett.com/,Technology,Prospect,"082 Karl Crossing Apt. 367
East Billyville, HI 63301",2024-03-24,Falkland Islands (Malvinas)
0013GWACSRNP2HX,Stephens-Miller,+1-855-391-0981x8804,http://www.summers.info/,Finance,Partner,"356 Jennifer Crossing
Millerbury, NY 92140",2024-08-09,United Arab Emirates
001I6MIO36REAL3,Cardenas-Simmons,001-659-811-7608x56999,https://www.murray-berry.biz/,Manufacturing,Customer,"784 Bryan Street Apt. 186
Owensview, AK 76218",2024-07-18,Timor-Leste
0010MLWCAPXDEX3,Nicholson-Gray,222.099.7146,http://thompson.biz/,Education,Partner,"51746 Angela Pass
West Sarahshire, HI 49378",2024-10-26,Martinique
0016GIL21N00CQI,Macdonald-Hensley,756-290-2993x14561,http://bailey-salazar.com/,Manufacturing,Vendor,"8696 Andrew Lights
North Holly, MD 65889",2024-09-24,Angola
001JZ8U6UD07W5M,"Simmons, Robles and Rodriguez",001-420-083-4008x68191,http://www.oneal.biz/,Manufacturing,Vendor,"4392 Johnson Mountains Apt. 225
Lauraport, CA 45341",2024-11-02,Thailand
001P066GFO5O2NE,Webb LLC,(130)409-3489x575,https://castillo.org/,Technology,Prospect,"6065 Harris Street Apt. 168
North Mariah, RI 06463",2024-01-02,Bahrain
001WDGB825R3BZN,Chen PLC,948-643-3748,https://www.thompson-green.info/,Finance,Prospect,"54661 Jason Row
Brownmouth, NE 92678",2024-10-04,Seychelles
0010WWL2KIRWSNE,"West, Jones and Ramirez",(508)769-6146x827,http://www.wells.com/,Retail,Vendor,"25387 Christopher Turnpike Apt. 862
East Laurieburgh, CO 49061",2024-10-11,Azerbaijan
0013VJUT5FX3K0X,Nunez and Sons,9149465042,https://www.west-moran.org/,Technology,Prospect,"53153 Stephen Lodge
East Jeffery, CA 75275",2024-11-20,Saint Helena
0016SWHP6PWMLD1,Williams-Thompson,308.061.6834,https://www.walters.com/,Education,Partner,"Unit 2162 Box 3237
DPO AP 67612",2024-08-07,Oman
001FDE4MTQMLZZU,Murray-Lyons,+1-394-284-2002,https://www.whitney.biz/,Education,Partner,"0772 Delgado Run
Jillland, MO 58043",2024-03-09,Syrian Arab Republic
0012AE5Q4PCIAKZ,Brennan Inc,289-542-9043x120,https://torres.org/,Finance,Partner,"49004 Yolanda Knoll Apt. 418
Millertown, VT 63304",2024-02-13,Swaziland
001A7T0DU937X0C,"Peterson, Bryant and Jones",8008862766,https://www.townsend.info/,Finance,Prospect,"885 Peter Islands
Edwinville, NJ 72099",2024-05-23,Uzbekistan
0011E7M7Z8I4TOD,"Hines, Nelson and Franklin",(216)252-1917,http://www.lewis.com/,Retail,Customer,"84133 Carter Summit Apt. 627
Port Elizabethhaven, MD 63222",2024-03-08,Turks and Caicos Islands
001YBPRKTLIT5BD,Lopez-Mccarty,(595)693-0606,http://morales.com/,Retail,Vendor,"48630 Ross Hill Apt. 891
New Jerryside, IL 88318",2024-02-14,Tanzania
001W6GECZNTRYYL,Gray-Smith,881.265.7772,http://boone.com/,Finance,Vendor,"331 Peter Villages Apt. 222
West Kim, SC 08872",2024-06-07,Netherlands Antilles
0010Z14U3ODL0OX,Mcbride Ltd,001-260-968-8454x159,https://www.morris.com/,Technology,Prospect,"60385 Burns Street Apt. 137
Charlesshire, MN 57410",2024-03-06,Ghana
0016I3LVQQHPBC9,"Foster, Murphy and Lozano",+1-568-318-8824x07351,https://chandler-bradley.org/,Education,Partner,"30217 Oconnell Plains
East Bonniefurt, VA 34254",2024-10-16,Palau
001DZM917HDOJHD,Alvarez Group,562-100-4981,http://herring.com/,Healthcare,Prospect,"3336 Fitzgerald Pines
South Anthonymouth, SC 50840",2024-10-22,Hong Kong
001JMHOWG1WF9JQ,Kennedy LLC,496.209.2904x371,https://walker.com/,Healthcare,Vendor,"PSC 7037, Box 0191
APO AA 70429",2024-06-01,Moldova
001QQDUKEXUU5XO,Gamble Ltd,292-398-4669x27803,http://www.rivera-guzman.net/,Technology,Customer,"317 Simpson Extensions Suite 685
Clarkview, RI 02921",2024-03-07,Liberia
001SEFMU4YOLF8C,Larson Ltd,369-154-1551,http://ballard.com/,Retail,Customer,"239 Porter Vista
Yateschester, AK 84556",2024-03-07,Angola
001W3QNKHK6B9BA,Gibbs-Walls,0536595249,http://anderson-sanders.org/,Education,Vendor,"716 Poole Forges
Bradystad, NM 85994",2024-08-04,Palau
001X9V5078JYKYK,Stanley Inc,649-007-9329x82528,http://www.robertson.biz/,Finance,Prospect,"266 Jeffery Gateway
Burnstown, UT 53313",2024-09-17,Kyrgyz Republic
001478BDXGUQYNH,Williams LLC,093.467.4159,http://young.com/,Healthcare,Vendor,"85252 Nathan Curve Suite 551
Petersland, OH 97594",2024-09-01,Libyan Arab Jamahiriya
001ZBDKJMQFR3CU,Stewart and Sons,(811)601-4535,http://kelley.net/,Technology,Customer,"4874 Jack Springs Apt. 209
Laurenton, KY 46312",2024-05-09,Guernsey
001P46MNTVI38RB,Kaufman-Morgan,561-550-7990x990,https://www.gonzalez.com/,Finance,Customer,"2638 Moore Freeway Apt. 776
Huntport, KS 02006",2024-01-20,Svalbard & Jan Mayen Islands
001D3VFI23EYEVE,Marquez-Johnson,630-312-2331,https://www.bell.org/,Retail,Vendor,"298 Quinn Park
New Kelly, SD 59118",2024-12-02,Slovakia (Slovak Republic)
001SQLN4KNCX6KE,Fernandez-Brown,567-023-7447x226,https://www.woods.com/,Retail,Partner,"0170 Smith Hill
Sellersborough, MO 95962",2024-01-07,Mongolia
00123ZQJN1CH197,"Hernandez, Perkins and Melendez",001-806-750-8788x77628,http://www.tapia.com/,Manufacturing,Customer,"35616 Dennis Roads Suite 988
Geraldport, WV 21057",2024-03-15,Tonga
001K9779VO9MEG6,"Torres, Barrett and Snyder",(414)440-1222x0414,http://doyle-christensen.org/,Finance,Customer,"0464 Amber Harbors
Port Lawrence, DC 30321",2024-12-07,Bhutan
001BYNBMH096XAW,Turner LLC,349.934.3043x64029,https://villarreal.net/,Finance,Customer,"45028 Gibbs Valley
South Shannonville, VT 78415",2024-08-26,Luxembourg
00119625XNPLFAW,Bradshaw LLC,393-563-0576x46960,http://franklin.com/,Technology,Partner,"7347 Brooks Path
Nicolehaven, MD 91322",2024-05-09,France
001M8HKDMPG5M3M,Miller-Diaz,9849553203,https://www.barton-brown.com/,Healthcare,Vendor,"31681 Mark Row Apt. 788
South Amanda, GA 97768",2024-11-15,Reunion
00148IOZ5BRBRF8,"Armstrong, Mcdaniel and Lee",424-260-3912x214,http://young.biz/,Finance,Vendor,"728 James Brook Suite 446
Julianborough, RI 73303",2024-05-16,United States Virgin Islands
001WE0A1T6R3LPH,"Vaughan, Dunlap and Moore",163.782.8912,https://www.brown-anderson.info/,Healthcare,Prospect,"330 Jeremy Trail
South Tony, NE 49373",2024-07-03,Greece
0015Q5HH2LI42XO,Stevens Group,+1-961-413-1946,http://www.cannon-henry.org/,Healthcare,Prospect,"372 Morrison Crest
Aliciaview, NE 37794",2024-06-12,Uganda
001XT8SYTUOLA83,Gomez-White,(453)958-8795x116,http://cooley-alvarez.com/,Education,Customer,"4934 Daniel Lake
North Yvette, LA 70766",2024-10-05,Tuvalu
001C3IYYQB2W3YX,"Ramirez, Parker and Miller",994.253.8119,http://www.higgins.com/,Healthcare,Partner,"PSC 1483, Box 2540
APO AP 44709",2024-01-24,Kuwait
001HL47B8PU5ZIZ,Wood-Carrillo,001-346-712-1032x1022,https://www.richards.biz/,Education,Vendor,"1369 Tammy Lakes Suite 677
Sweeneyborough, VT 29277",2024-07-17,Japan
001N2W3PT3I6F20,Martinez Group,(037)096-3123x4944,https://williams.org/,Retail,Partner,"3972 Johnson Stravenue
Lake Tonya, KY 83953",2024-10-04,Mauritius
0014SME9NG75CVH,James-Schultz,9533921056,https://dixon-stevens.com/,Manufacturing,Partner,"686 Ralph Meadows
Tranberg, AL 04103",2024-11-17,Aruba
001AYTUTC3AH6M1,Martin-Ballard,+1-895-157-3879x697,http://www.may-strickland.com/,Technology,Prospect,"1492 Mathew Meadow Suite 153
Port Scott, NM 88752",2024-10-30,Paraguay
001PJRQYELP5URK,Solis-Campbell,958.253.2165,https://herring.com/,Retail,Vendor,"935 Chambers Skyway Apt. 412
Cannonchester, CA 84325",2024-12-07,Korea
001B47BXXNB89FL,Cooke Ltd,+1-600-121-4608x997,http://hernandez-harrison.com/,Education,Partner,"313 Davis Loaf Apt. 511
Lake Brendashire, ND 92214",2024-11-02,Slovakia (Slovak Republic)
0011ERRR2VRHWW1,"Kramer, Blackburn and Boone",001-639-637-8160x6820,https://www.torres.com/,Healthcare,Prospect,"8717 Kathleen Loop
West Tiffany, SC 96366",2024-05-28,Saint Pierre and Miquelon
001ZJ7MU65KC1SZ,Davis-Smith,+1-841-517-2368x005,http://www.castro-young.com/,Finance,Customer,"17384 John Common Suite 590
Rebeccashire, VT 59342",2024-04-14,Czech Republic
001PU6QDVASGG2M,Schmidt-Austin,920.940.5193,https://www.willis-price.info/,Healthcare,Vendor,"525 Patricia Cape
East Jacob, VA 64262",2024-06-01,South Georgia and the South Sandwich Islands
001O4RKLSPQD5U7,"Delacruz, Howard and Porter",887.402.6492x2028,https://www.oconnor.com/,Manufacturing,Customer,"463 Gwendolyn Plaza Suite 321
Port Allison, AZ 99338",2024-04-03,American Samoa
00170301OAK50E9,"Williams, Thompson and Washington",+1-424-355-7505x254,http://carrillo.com/,Retail,Prospect,"93632 Walton Brooks Apt. 939
South Patricia, GA 55326",2024-03-18,Argentina
001EFFFJYOGM0D9,"Griffin, Rodriguez and Guerrero",138-006-7459,https://hobbs-powell.com/,Retail,Prospect,"635 David Highway
South Andrew, MI 96093",2024-03-05,Papua New Guinea
001J071PEWS83HX,Orozco-Harris,714-111-6748,http://brown.com/,Education,Customer,"USNS Diaz
FPO AA 77837",2024-10-31,Montserrat
0010W4JUCNKS342,Ruiz LLC,566.662.1190x4298,http://simon.com/,Education,Prospect,"5221 Lambert Centers Suite 029
Port Kurt, NE 22208",2024-06-08,Saint Barthelemy
001SX1N5MRO2TA5,"Martinez, Cantu and Smith",+1-044-396-3115x811,http://neal-fisher.com/,Finance,Prospect,"820 Luis Turnpike Apt. 135
Lake Michelle, OK 69856",2024-01-15,Hong Kong
001APJSX0LETACF,Mora-Juarez,941.226.8752x749,http://www.davenport.com/,Healthcare,Partner,"61987 Velazquez Landing Suite 143
Lake Oscarstad, NV 47402",2024-06-27,Saint Lucia
001HCMYXXJ7EOYW,Rose-Flores,762-387-2968x288,http://www.smith.org/,Healthcare,Prospect,"13929 Richardson Loaf Suite 311
South Melaniemouth, ME 67532",2024-09-25,Ghana
0019O54L0L5CGSA,"Smith, Owen and Peterson",1685800462,https://www.roman-jackson.com/,Education,Vendor,"9444 Vargas Extensions
Racheltown, PA 53188",2024-01-06,American Samoa
001V7ZVHM7IYVEE,Green Group,281.393.7478,http://www.neal.biz/,Retail,Partner,"3667 Caroline Terrace
Lake Daniel, ME 28326",2024-05-14,Lithuania
001D7A8LOQ5GBVX,"Smith, Ray and Brown",(702)175-3964x920,http://www.johnson.org/,Healthcare,Customer,"04159 Anthony Fort
Stoneburgh, AZ 64465",2024-07-17,Italy
00127W6HY8G1TPU,Murphy-Rodriguez,(675)462-2117,http://johnson-burton.com/,Healthcare,Vendor,"244 Ortiz Route Apt. 301
East Thomas, NC 36451",2024-02-01,Maldives
001RIH1Z289LAPE,"Cummings, Villarreal and Bryant",(388)524-5088,https://www.cook.com/,Retail,Partner,"1598 Kaufman Creek
Port Kevin, DC 65145",2024-08-03,Vanuatu
001HP5RG19XVD2F,"Stewart, Robinson and Larsen",(179)940-8151x0203,https://www.harmon-love.net/,Manufacturing,Customer,"521 Miller Fort
Scottport, CO 73902",2024-08-13,Burundi
001UIIY4GS7O9QJ,Alvarez Ltd,285-443-0249x646,http://flynn.info/,Finance,Partner,"231 Sheila Falls
Michaeltown, PA 24497",2024-07-05,Palau
001MGNJQNUSXCSG,Monroe-Brooks,4159900356,http://jefferson-king.com/,Healthcare,Vendor,"768 Alvarez Ridge
Lake Alicia, SD 03702",2024-04-13,Northern Mariana Islands
001ZM8ZJ31LLMOF,Esparza-Vaughn,001-650-360-4087x966,https://gray-olson.com/,Education,Vendor,"381 Montgomery Gateway
Jaredmouth, CA 53935",2024-04-10,United Arab Emirates
00136JJJOEO5OAO,Smith-Larson,+1-166-494-2320x603,http://bailey.net/,Education,Vendor,"57597 Michael Meadows
Davisborough, MO 65987",2024-02-08,Djibouti
001X3WUNL6KGA1M,Cameron Ltd,(328)040-5929,https://stevens.com/,Retail,Prospect,"07860 Wright Rue Suite 820
Port Thomas, ID 00810",2024-06-25,Cayman Islands
001O3OJIL6WHT4Q,Murray-Newton,078.335.0270x668,https://palmer.com/,Finance,Vendor,"951 Brady Grove
East Daniel, WY 89117",2024-11-17,Comoros
0016774GLMFVPQ4,"Larson, King and Parrish",447-089-5315,http://www.walker.com/,Retail,Vendor,"262 Williams Bypass
West Ginamouth, VT 66454",2024-02-14,Mayotte
0012YEU42DN2YOI,Steele-Bennett,001-917-413-9878x6693,http://morgan.biz/,Retail,Vendor,"9751 Walker Lodge Suite 908
Robertfort, IN 74892",2024-08-06,United States Virgin Islands
001P1IK7PQCC7CP,Hill PLC,746-514-4394,https://blake-burns.com/,Manufacturing,Prospect,"49745 Smith Street
Lake Stephanie, UT 48003",2024-11-08,Swaziland
001GG94SRS8YBJQ,Chan-Miller,264-444-6357x5873,http://diaz.biz/,Education,Vendor,"2034 Melissa Mill
Joseside, MT 25171",2024-12-16,Svalbard & Jan Mayen Islands
001RE2G4K0PO2OF,Rojas-Franklin,(791)805-4896,http://www.cox-weber.com/,Healthcare,Partner,"57366 Todd Courts
New Davidchester, GA 06069",2024-04-14,United Arab Emirates
001SE3ZCR68PK2R,Edwards LLC,492-268-0814x85258,https://www.campbell.org/,Education,Customer,"507 Timothy Manors Apt. 596
Leahborough, SD 52530",2024-09-30,Latvia
001PAXHV2O0J3X9,"Smith, Valenzuela and Morris",172-698-8477x534,http://mcbride.info/,Technology,Prospect,"62667 Jones Way
New Genestad, NE 88771",2024-05-24,Saint Barthelemy
001KQ9T5I4R78IP,"Thomas, Walker and Adams",155-451-8974,https://jimenez.com/,Finance,Prospect,"90311 Heather Drive Apt. 810
North Tiffany, NH 76295",2024-09-14,Macedonia
001N8Y12UU7OVT6,Fisher Group,298.008.9021x434,http://www.mcdonald.com/,Healthcare,Vendor,"123 Reed Meadow
Kennethfort, VT 37642",2024-11-20,Sri Lanka
001PMNII5IU9WF1,"Smith, Greer and Mcfarland",(169)695-4124x792,http://pruitt.com/,Healthcare,Vendor,"4751 Barton Coves Apt. 073
South Christopherview, MN 55099",2024-12-20,Iran
001XFBG6WSCT3BB,"Holt, Washington and White",001-980-965-1506,http://www.murillo.biz/,Finance,Partner,"5626 Annette Village Suite 360
East Kevinfurt, OR 58825",2024-09-02,Bahrain
001NX631LTJI7IU,"Robinson, Walsh and Solomon",482.527.9190,https://olsen-crawford.info/,Retail,Vendor,"74920 Lori Rapids Apt. 631
New Marcland, MA 84920",2024-11-21,Reunion
001BOMRTWE1GO4V,Cook Ltd,939.239.0258,https://payne.biz/,Finance,Customer,"61576 Thompson Drive
South Melissaview, MN 04490",2024-03-10,Congo
001M1K8JBUQ2JDJ,Oconnor-Guzman,+1-592-472-2601,https://hines-lopez.com/,Healthcare,Customer,"77655 Valerie Circle Apt. 442
Claudiafurt, WY 40473",2024-04-22,Nicaragua
001RNOAWTOXXVRU,Jones Ltd,001-761-434-0552x881,https://www.wong.com/,Retail,Vendor,"1246 Harmon Path
Michellestad, OR 96825",2024-02-06,Bolivia
001TSVW6MO9AKU0,Moore-Shea,001-708-777-2810x2633,http://roberts.com/,Manufacturing,Customer,"6630 Hunt Camp
Berryburgh, RI 24911",2024-01-31,Portugal
001EP89O429SJBH,Cunningham-Clark,(932)519-2954,https://www.long.info/,Healthcare,Prospect,"8393 Eric Skyway Apt. 522
Chadport, AK 17034",2024-12-11,Saint Helena
