Record ID,Account ID,First Name,Last Name,Email,Phone_person,Company,Lead Status,Lead Source,Created Date_person,Country_person,Record Type,Account Name,Phone_account,Website,Industry,Account Type,Billing Address,Created Date_account,Country_account
00Q9GZZKR2KA7RB,001M8HKDMPG5M3M,Katelyn,Davis,romerolauren@yahoo.com,+1-807-046-9725,"Carrillo, Henderson and Moreno",Closed - Converted,Phone Inquiry,2024-06-18,Guinea-Bissau,Lead,Miller-Diaz,9849553203,https://www.barton-brown.com/,Healthcare,Vendor,"31681 Mark Row Apt. 788
South Amanda, GA 97768",2024-11-15,Reunion
00QLP030042Z38F,001GG94SRS8YBJQ,Michelle,Johnson,terrihunter@jordan-nguyen.info,(874)649-7716x7215,"Jacobson, Jackson and Jennings",Open - Not Contacted,Phone Inquiry,2024-11-12,Faroe Islands,Lead,Chan-Miller,264-444-6357x5873,http://diaz.biz/,Education,Vendor,"2034 Melissa Mill
Joseside, MT 25171",2024-12-16,Svalbard & Jan Mayen Islands
00QIRQO7ZFRJQMR,001ZM8ZJ31LLMOF,Andre,Sullivan,jennifer57@yahoo.com,229-482-6752x5485,Sullivan-Donovan,Working - Contacted,Purchased List,2024-11-26,Panama,Lead,Esparza-Vaughn,001-650-360-4087x966,https://gray-olson.com/,Education,Vendor,"381 Montgomery Gateway
Jaredmouth, CA 53935",2024-04-10,United Arab Emirates
00QKID8T83EZMCW,001QQDUKEXUU5XO,Edwin,Navarro,ramirezrichard@yahoo.com,606-665-1462x58624,Taylor-Moss,Closed - Not Converted,Other,2024-04-10,Tuvalu,Lead,Gamble Ltd,292-398-4669x27803,http://www.rivera-guzman.net/,Technology,Customer,"317 Simpson Extensions Suite 685
Clarkview, RI 02921",2024-03-07,Liberia
00QLUM8O9PDNLRW,0012YEU42DN2YOI,Nicholas,Andrews,trevorperez@park.com,001-887-727-5135x907,Harris Ltd,Closed - Converted,Phone Inquiry,2024-07-29,Tajikistan,Lead,Steele-Bennett,001-917-413-9878x6693,http://morgan.biz/,Retail,Vendor,"9751 Walker Lodge Suite 908
Robertfort, IN 74892",2024-08-06,United States Virgin Islands
00QFLH8S5FSCLI9,0019O54L0L5CGSA,Denise,Hall,michelle13@branch-bailey.biz,8305482037,Miller-Munoz,Closed - Not Converted,Purchased List,2024-03-24,El Salvador,Lead,"Smith, Owen and Peterson",1685800462,https://www.roman-jackson.com/,Education,Vendor,"9444 Vargas Extensions
Racheltown, PA 53188",2024-01-06,American Samoa
00Q4C3RLJE5S0QB,0010Q22219SK1VA,Patrick,Hahn,elizabethjones@green.com,001-221-872-9765x94602,"Hayes, Evans and Bryant",Working - Contacted,Phone Inquiry,2024-04-21,French Guiana,Lead,Cruz Group,597-767-9717x87454,https://nelson.com/,Technology,Partner,"72144 Lucas Causeway Apt. 387
Hollyburgh, IA 40723",2024-10-13,Liechtenstein
00QV26NZSDKU0KF,001PAXHV2O0J3X9,Mia,Scott,johnnyshelton@jacobs.biz,0932268639,Lopez-Gallagher,Open - Not Contacted,Purchased List,2024-01-21,Holy See (Vatican City State),Lead,"Smith, Valenzuela and Morris",172-698-8477x534,http://mcbride.info/,Technology,Prospect,"62667 Jones Way
New Genestad, NE 88771",2024-05-24,Saint Barthelemy
00QLB2DALHQVY8K,00123ZQJN1CH197,Yvette,Keller,jameswilliams@johnson.com,967.746.2198x02839,"Romero, Coleman and Nunez",Working - Contacted,Purchased List,2024-12-09,Bouvet Island (Bouvetoya),Lead,"Hernandez, Perkins and Melendez",001-806-750-8788x77628,http://www.tapia.com/,Manufacturing,Customer,"35616 Dennis Roads Suite 988
Geraldport, WV 21057",2024-03-15,Tonga
00QMQBWT5ZL6PSK,001PJRQYELP5URK,Maxwell,Smith,brittany18@yahoo.com,635.047.9519,Durham Inc,Closed - Not Converted,Phone Inquiry,2024-11-14,Armenia,Lead,Solis-Campbell,958.253.2165,https://herring.com/,Retail,Vendor,"935 Chambers Skyway Apt. 412
Cannonchester, CA 84325",2024-12-07,Korea
00QHLNWNYO7BM93,001RIH1Z289LAPE,Sarah,Mcconnell,armstrongbrenda@gmail.com,(509)065-7578x8727,Watson-Hernandez,Working - Contacted,Partner Referral,2024-11-23,Isle of Man,Lead,"Cummings, Villarreal and Bryant",(388)524-5088,https://www.cook.com/,Retail,Partner,"1598 Kaufman Creek
Port Kevin, DC 65145",2024-08-03,Vanuatu
00Q12UYXCZ7WC6V,001KQ9T5I4R78IP,Sandra,Baird,heathermichael@armstrong.com,510-711-1837,Diaz LLC,Working - Contacted,Other,2024-12-06,Comoros,Lead,"Thomas, Walker and Adams",155-451-8974,https://jimenez.com/,Finance,Prospect,"90311 Heather Drive Apt. 810
North Tiffany, NH 76295",2024-09-14,Macedonia
00QJHBHAKX1RWP7,001P066GFO5O2NE,Bridget,Fleming,murraydaniel@phillips.com,001-764-708-4913x858,Bush Group,Closed - Not Converted,Partner Referral,2024-08-19,Faroe Islands,Lead,Webb LLC,(130)409-3489x575,https://castillo.org/,Technology,Prospect,"6065 Harris Street Apt. 168
North Mariah, RI 06463",2024-01-02,Bahrain
00QMIEATI24GEO3,001BOMRTWE1GO4V,David,Tate,jennifer91@yahoo.com,(451)798-8146x9899,"Ruiz, Campbell and Sexton",Closed - Not Converted,Partner Referral,2024-06-26,Netherlands,Lead,Cook Ltd,939.239.0258,https://payne.biz/,Finance,Customer,"61576 Thompson Drive
South Melissaview, MN 04490",2024-03-10,Congo
00Q9UZQS808J66E,001EFFFJYOGM0D9,Trevor,Bradshaw,wendyfischer@gmail.com,(935)960-0132x2966,Alexander and Sons,Closed - Converted,Partner Referral,2024-08-21,Cook Islands,Lead,"Griffin, Rodriguez and Guerrero",138-006-7459,https://hobbs-powell.com/,Retail,Prospect,"635 David Highway
South Andrew, MI 96093",2024-03-05,Papua New Guinea
00QCCZ9FREV0KZG,001ZJ7MU65KC1SZ,Brandon,Rubio,webbtonya@hotmail.com,(406)709-6026,Allen Ltd,Closed - Not Converted,Other,2024-02-08,Macedonia,Lead,Davis-Smith,+1-841-517-2368x005,http://www.castro-young.com/,Finance,Customer,"17384 John Common Suite 590
Rebeccashire, VT 59342",2024-04-14,Czech Republic
00QFNE3AXRNV5FA,001MM3030266T5L,Eric,Deleon,ericaguirre@riggs.net,141-435-0257x3923,Hull-Brown,Working - Contacted,Purchased List,2024-01-01,Malawi,Lead,Woodward LLC,368-839-7242,http://www.dougherty.net/,Healthcare,Prospect,"151 Scott Road Suite 586
Port Olivia, MO 30246",2024-09-08,Oman
00Q2WHM2YSW8W1X,001W3QNKHK6B9BA,Brian,Gilbert,becky96@hotmail.com,001-256-639-1784x902,"Henderson, Turner and Gonzalez",Closed - Converted,Other,2024-12-03,Ghana,Lead,Gibbs-Walls,0536595249,http://anderson-sanders.org/,Education,Vendor,"716 Poole Forges
Bradystad, NM 85994",2024-08-04,Palau
00QBND6FSH4MMKM,001XZ8TMUAP29JA,Michelle,Long,richardsolis@yahoo.com,+1-628-280-1187x93426,Velasquez PLC,Closed - Not Converted,Phone Inquiry,2024-02-08,Swaziland,Lead,"Johnson, Butler and Terry",281.353.1602,http://hawkins-walker.info/,Finance,Prospect,"9308 Petty Gardens
West Kimberly, TX 11287",2024-05-15,Croatia
00Q35RSEJY162QS,001S1CYGP4DDNG9,Cheryl,Wang,tlarson@hotmail.com,001-283-267-9174x460,Ryan-Fletcher,Closed - Converted,Web,2024-01-14,Portugal,Lead,"Jones, Vincent and Barber",791.634.4813x15283,https://richardson.com/,Education,Partner,"80224 Flores Inlet
Bryantstad, DC 50610",2024-12-21,Norway
00Q7MWB1GF7TSWQ,001MM3030266T5L,Samantha,Kennedy,epalmer@swanson.info,583.783.6914,Brown-Thompson,Open - Not Contacted,Phone Inquiry,2024-09-17,Hong Kong,Lead,Woodward LLC,368-839-7242,http://www.dougherty.net/,Healthcare,Prospect,"151 Scott Road Suite 586
Port Olivia, MO 30246",2024-09-08,Oman
00QGA9PZ1430AQ8,001N2W3PT3I6F20,Antonio,Lane,kbraun@hotmail.com,+1-949-172-9214,"Barr, Rose and Holmes",Open - Not Contacted,Partner Referral,2024-11-22,Mauritania,Lead,Martinez Group,(037)096-3123x4944,https://williams.org/,Retail,Partner,"3972 Johnson Stravenue
Lake Tonya, KY 83953",2024-10-04,Mauritius
00QS0DCHE2EQY5B,001XT8SYTUOLA83,Angela,Cordova,michael66@gmail.com,009.323.1682,Parker Inc,Working - Contacted,Purchased List,2024-11-08,Switzerland,Lead,Gomez-White,(453)958-8795x116,http://cooley-alvarez.com/,Education,Customer,"4934 Daniel Lake
North Yvette, LA 70766",2024-10-05,Tuvalu
00Q63QT4EQ0DLZ5,001X9V5078JYKYK,Alison,Rodriguez,wholland@gmail.com,442-115-7396,Nelson Group,Closed - Not Converted,Web,2024-08-10,New Zealand,Lead,Stanley Inc,649-007-9329x82528,http://www.robertson.biz/,Finance,Prospect,"266 Jeffery Gateway
Burnstown, UT 53313",2024-09-17,Kyrgyz Republic
00QWV7CQ8NFMRMY,001D8T0SB01X4FT,Jim,Mosley,jenna78@ruiz-moore.biz,5496591468,Reyes LLC,Closed - Not Converted,Web,2024-09-14,Guinea,Lead,Wright-Sutton,(893)785-7248x89641,https://www.hendrix.com/,Manufacturing,Prospect,"92566 Brown Cove Apt. 394
North Ashley, ND 82185",2024-11-30,Chile
00Q7J479CRH169I,0010WWL2KIRWSNE,John,Salinas,adriennebrown@graham-johnson.com,1188681590,"Hawkins, Boyer and Benton",Closed - Converted,Other,2024-05-28,New Zealand,Lead,"West, Jones and Ramirez",(508)769-6146x827,http://www.wells.com/,Retail,Vendor,"25387 Christopher Turnpike Apt. 862
East Laurieburgh, CO 49061",2024-10-11,Azerbaijan
00QSZCJRY6BQKZ0,001C3IYYQB2W3YX,Kaitlin,Waters,rebeccacordova@gmail.com,176-282-3073x08807,Warren-Schmitt,Open - Not Contacted,Phone Inquiry,2024-02-04,Panama,Lead,"Ramirez, Parker and Miller",994.253.8119,http://www.higgins.com/,Healthcare,Partner,"PSC 1483, Box 2540
APO AP 44709",2024-01-24,Kuwait
00QPRJE94OX2E5B,001S1CYGP4DDNG9,Harold,Boyd,amanda72@gmail.com,001-168-009-7879x020,"Brennan, Edwards and Williams",Open - Not Contacted,Phone Inquiry,2024-07-29,Central African Republic,Lead,"Jones, Vincent and Barber",791.634.4813x15283,https://richardson.com/,Education,Partner,"80224 Flores Inlet
Bryantstad, DC 50610",2024-12-21,Norway
00QBMP55EJK0KKG,0016I3LVQQHPBC9,Roberto,Ray,xgarrett@gmail.com,942-008-1402,Mason Inc,Working - Contacted,Purchased List,2024-07-30,Macedonia,Lead,"Foster, Murphy and Lozano",+1-568-318-8824x07351,https://chandler-bradley.org/,Education,Partner,"30217 Oconnell Plains
East Bonniefurt, VA 34254",2024-10-16,Palau
00Q7VGUKLGY86SB,001W6GECZNTRYYL,Sophia,Rogers,christian39@rojas.biz,(113)930-7025x29562,Meza-Shaw,Closed - Converted,Web,2024-11-28,American Samoa,Lead,Gray-Smith,881.265.7772,http://boone.com/,Finance,Vendor,"331 Peter Villages Apt. 222
West Kim, SC 08872",2024-06-07,Netherlands Antilles
00QU2E28T1WAWT3,0010Q22219SK1VA,Theresa,George,kcarter@lopez.com,099.224.1322x83616,Dixon-Atkins,Working - Contacted,Other,2024-07-08,Ghana,Lead,Cruz Group,597-767-9717x87454,https://nelson.com/,Technology,Partner,"72144 Lucas Causeway Apt. 387
Hollyburgh, IA 40723",2024-10-13,Liechtenstein
00QZP2IUNQDXT45,0012YEU42DN2YOI,Nathan,Ross,wrightanna@hotmail.com,+1-111-563-0674x691,Warren-Crawford,Open - Not Contacted,Phone Inquiry,2024-07-09,Uganda,Lead,Steele-Bennett,001-917-413-9878x6693,http://morgan.biz/,Retail,Vendor,"9751 Walker Lodge Suite 908
Robertfort, IN 74892",2024-08-06,United States Virgin Islands
00QYS3D6DRTT2ZU,001M1K8JBUQ2JDJ,Emily,Maddox,hesterjason@hotmail.com,+1-816-540-3343x507,Black PLC,Working - Contacted,Partner Referral,2024-03-30,Tuvalu,Lead,Oconnor-Guzman,+1-592-472-2601,https://hines-lopez.com/,Healthcare,Customer,"77655 Valerie Circle Apt. 442
Claudiafurt, WY 40473",2024-04-22,Nicaragua
00QTXT9Y2L2HE6L,001KCN48RN2CR5Y,Heather,Griffin,flee@smith.com,(538)710-8054,English-Martinez,Working - Contacted,Purchased List,2024-07-21,Samoa,Lead,Thomas Ltd,+1-098-605-3324,http://www.baxter-woods.com/,Manufacturing,Partner,"757 Smith Crossroad Apt. 767
Lake Taylor, MD 19325",2024-03-13,Djibouti
00Q03CPGE64SPBD,001M1K8JBUQ2JDJ,Tanner,Rodriguez,fwright@gmail.com,001-018-168-1634,Sanders-Fletcher,Closed - Converted,Web,2024-01-18,San Marino,Lead,Oconnor-Guzman,+1-592-472-2601,https://hines-lopez.com/,Healthcare,Customer,"77655 Valerie Circle Apt. 442
Claudiafurt, WY 40473",2024-04-22,Nicaragua
00QQ4OSNOOENST4,001EP89O429SJBH,Charles,Thompson,isaiahburns@hotmail.com,(953)138-6053x18855,"Owen, Thomas and Perry",Closed - Converted,Web,2024-08-20,Cote d'Ivoire,Lead,Cunningham-Clark,(932)519-2954,https://www.long.info/,Healthcare,Prospect,"8393 Eric Skyway Apt. 522
Chadport, AK 17034",2024-12-11,Saint Helena
00QRNYK3NAO9A55,0016SWHP6PWMLD1,Amy,Myers,rebecca27@hotmail.com,(921)522-0095x6952,Rodriguez-Jackson,Closed - Not Converted,Phone Inquiry,2024-11-03,Tonga,Lead,Williams-Thompson,308.061.6834,https://www.walters.com/,Education,Partner,"Unit 2162 Box 3237
DPO AP 67612",2024-08-07,Oman
00QW9BJ7GADUDNU,001RNOAWTOXXVRU,Bradley,Gilbert,ccampbell@myers.org,476.601.8544x4180,Scott-Hoffman,Working - Contacted,Phone Inquiry,2024-01-30,Syrian Arab Republic,Lead,Jones Ltd,001-761-434-0552x881,https://www.wong.com/,Retail,Vendor,"1246 Harmon Path
Michellestad, OR 96825",2024-02-06,Bolivia
00QZF3SZ8SKOGYR,0012YEU42DN2YOI,Michael,Washington,maryosborn@morris.org,709-930-5869x444,"Day, Brown and Gonzalez",Working - Contacted,Partner Referral,2024-10-15,Swaziland,Lead,Steele-Bennett,001-917-413-9878x6693,http://morgan.biz/,Retail,Vendor,"9751 Walker Lodge Suite 908
Robertfort, IN 74892",2024-08-06,United States Virgin Islands
00Q8X7COL0FP3ZE,001SE3ZCR68PK2R,Nicole,Martinez,katelyn32@rice.com,001-850-232-9321x803,"Wright, Baker and Garcia",Closed - Converted,Partner Referral,2024-07-10,Namibia,Lead,Edwards LLC,492-268-0814x85258,https://www.campbell.org/,Education,Customer,"507 Timothy Manors Apt. 596
Leahborough, SD 52530",2024-09-30,Latvia
00QYEZ1B1O0RTRU,001ZF3GARM89AOS,Robert,Rogers,carolyncook@jackson-briggs.com,001-094-657-1273,Williams Group,Open - Not Contacted,Purchased List,2024-01-10,Puerto Rico,Lead,"Weeks, Flores and Banks",001-188-980-4085x28672,https://www.hoffman.com/,Retail,Partner,"2267 Shannon Corner
Codyberg, OH 01281",2024-11-13,Palestinian Territory
00Q422E5ES3GIO7,001P066GFO5O2NE,Jessica,Cummings,scott27@bean-robinson.com,001-829-626-1793,Brewer-Stephenson,Closed - Converted,Purchased List,2024-10-27,Venezuela,Lead,Webb LLC,(130)409-3489x575,https://castillo.org/,Technology,Prospect,"6065 Harris Street Apt. 168
North Mariah, RI 06463",2024-01-02,Bahrain
00Q4Y6XYLNEUQ4M,001C3IYYQB2W3YX,Michele,Wong,sullivansarah@blair.com,826-092-9676,"Hernandez, Williams and Jimenez",Working - Contacted,Phone Inquiry,2024-05-27,Nigeria,Lead,"Ramirez, Parker and Miller",994.253.8119,http://www.higgins.com/,Healthcare,Partner,"PSC 1483, Box 2540
APO AP 44709",2024-01-24,Kuwait
00Q9XWFJ1ALOA1L,0013GWACSRNP2HX,Alec,Alexander,kelleymartha@rivera-rodgers.com,942.972.8249x40139,"Hampton, Phillips and Moore",Open - Not Contacted,Partner Referral,2024-06-21,Azerbaijan,Lead,Stephens-Miller,+1-855-391-0981x8804,http://www.summers.info/,Finance,Partner,"356 Jennifer Crossing
Millerbury, NY 92140",2024-08-09,United Arab Emirates
00QFL5CPUJTAWU6,001BYNBMH096XAW,Kristy,Valencia,ewilliams@yahoo.com,+1-273-691-4344,"Walker, Merritt and Williams",Closed - Converted,Partner Referral,2024-09-26,Romania,Lead,Turner LLC,349.934.3043x64029,https://villarreal.net/,Finance,Customer,"45028 Gibbs Valley
South Shannonville, VT 78415",2024-08-26,Luxembourg
00QDO72RU19VDUP,001GG94SRS8YBJQ,Brett,Thomas,youngvictoria@hall-hudson.biz,(680)861-6660x400,"Hayes, Watkins and Skinner",Closed - Not Converted,Phone Inquiry,2024-12-19,Korea,Lead,Chan-Miller,264-444-6357x5873,http://diaz.biz/,Education,Vendor,"2034 Melissa Mill
Joseside, MT 25171",2024-12-16,Svalbard & Jan Mayen Islands
00QHKWL1WOID3X7,001MGNJQNUSXCSG,Denise,Lopez,jensenlatoya@yahoo.com,001-921-365-5620x14587,Crawford Inc,Open - Not Contacted,Purchased List,2024-05-12,Slovakia (Slovak Republic),Lead,Monroe-Brooks,4159900356,http://jefferson-king.com/,Healthcare,Vendor,"768 Alvarez Ridge
Lake Alicia, SD 03702",2024-04-13,Northern Mariana Islands
00Q3TTOBIY124JQ,001M1K8JBUQ2JDJ,Ashley,Contreras,reneesanchez@nelson.com,(288)527-8761x4196,Rice Inc,Working - Contacted,Phone Inquiry,2024-05-19,Kenya,Lead,Oconnor-Guzman,+1-592-472-2601,https://hines-lopez.com/,Healthcare,Customer,"77655 Valerie Circle Apt. 442
Claudiafurt, WY 40473",2024-04-22,Nicaragua
00Q2PBRTXRCXNR5,001HL47B8PU5ZIZ,David,Scott,castrokaren@ross-price.com,(392)022-3773,Fisher-Alvarado,Open - Not Contacted,Phone Inquiry,2024-01-25,Cayman Islands,Lead,Wood-Carrillo,001-346-712-1032x1022,https://www.richards.biz/,Education,Vendor,"1369 Tammy Lakes Suite 677
Sweeneyborough, VT 29277",2024-07-17,Japan
00QY5EVKVMZ7BGI,001ZBDKJMQFR3CU,Melissa,Watson,lukediaz@mcdaniel.net,+1-562-494-4977x23110,Nichols LLC,Closed - Not Converted,Partner Referral,2024-10-24,Tuvalu,Lead,Stewart and Sons,(811)601-4535,http://kelley.net/,Technology,Customer,"4874 Jack Springs Apt. 209
Laurenton, KY 46312",2024-05-09,Guernsey
00Q7QYIJFLPVF7F,001PMNII5IU9WF1,Kenneth,Murphy,mary14@meyers.net,7075721900,Patel PLC,Closed - Not Converted,Other,2024-04-22,Guinea-Bissau,Lead,"Smith, Greer and Mcfarland",(169)695-4124x792,http://pruitt.com/,Healthcare,Vendor,"4751 Barton Coves Apt. 073
South Christopherview, MN 55099",2024-12-20,Iran
00QE7I3IH822E22,001A7T0DU937X0C,Zachary,Beasley,mfrey@peters.com,919.896.5382x008,Rodriguez-Brown,Closed - Not Converted,Phone Inquiry,2024-11-21,Brunei Darussalam,Lead,"Peterson, Bryant and Jones",8008862766,https://www.townsend.info/,Finance,Prospect,"885 Peter Islands
Edwinville, NJ 72099",2024-05-23,Uzbekistan
00Q8H7UQF6WW6JR,0016774GLMFVPQ4,Jason,West,pschultz@yahoo.com,001-427-141-5932,Burnett PLC,Open - Not Contacted,Phone Inquiry,2024-07-19,Kyrgyz Republic,Lead,"Larson, King and Parrish",447-089-5315,http://www.walker.com/,Retail,Vendor,"262 Williams Bypass
West Ginamouth, VT 66454",2024-02-14,Mayotte
00Q1HFLE2RA92W6,001CZVC54I7UA6D,Nicholas,Garcia,ashleyclark@gmail.com,(411)791-5656,"Hardin, Graham and Perez",Working - Contacted,Purchased List,2024-11-20,Mexico,Lead,"Gomez, Johnson and Lynch",439-794-4890x9098,http://www.bennett.com/,Technology,Prospect,"082 Karl Crossing Apt. 367
East Billyville, HI 63301",2024-03-24,Falkland Islands (Malvinas)
00QGIIPPGXVJ5VN,001APQ5M0FA6IP4,Amy,Patterson,wagnerjeffrey@taylor-mcdonald.org,3969923543,Lloyd and Sons,Closed - Converted,Phone Inquiry,2024-12-09,Montenegro,Lead,Mcdonald-Rodriguez,+1-644-475-4039x3979,https://park.net/,Manufacturing,Customer,"6176 Jennifer Harbors Apt. 166
East Richardborough, MD 43017",2024-10-17,Tajikistan
00QCYIHYYKU8RF7,001DZM917HDOJHD,Karen,Whitehead,hobrien@yahoo.com,994-733-8001x68255,George-Ramirez,Working - Contacted,Other,2024-08-22,Guinea,Lead,Alvarez Group,562-100-4981,http://herring.com/,Healthcare,Prospect,"3336 Fitzgerald Pines
South Anthonymouth, SC 50840",2024-10-22,Hong Kong
00QDX99DO8DKOJE,001UIIY4GS7O9QJ,Jenna,Russell,dmoore@greene.com,586-001-7756x36211,Morgan Ltd,Working - Contacted,Other,2024-06-27,Indonesia,Lead,Alvarez Ltd,285-443-0249x646,http://flynn.info/,Finance,Partner,"231 Sheila Falls
Michaeltown, PA 24497",2024-07-05,Palau
00Q2UD7N5USXVLF,001HP5RG19XVD2F,Sonya,Ross,jeremyberry@cook.org,879-970-6177x44716,Perry-Pena,Closed - Not Converted,Other,2024-05-25,Iraq,Lead,"Stewart, Robinson and Larsen",(179)940-8151x0203,https://www.harmon-love.net/,Manufacturing,Customer,"521 Miller Fort
Scottport, CO 73902",2024-08-13,Burundi
00QJ7NENIKS218X,001X9V5078JYKYK,Debra,Phillips,mirandacampbell@gmail.com,959-016-8268x0053,Kirby LLC,Open - Not Contacted,Other,2024-09-04,Jordan,Lead,Stanley Inc,649-007-9329x82528,http://www.robertson.biz/,Finance,Prospect,"266 Jeffery Gateway
Burnstown, UT 53313",2024-09-17,Kyrgyz Republic
00QRNW1CW8F8VNA,0011ERRR2VRHWW1,Amy,Cunningham,nsutton@escobar.info,(214)064-6809x0695,"Browning, Cunningham and Martin",Working - Contacted,Other,2024-10-18,Taiwan,Lead,"Kramer, Blackburn and Boone",001-639-637-8160x6820,https://www.torres.com/,Healthcare,Prospect,"8717 Kathleen Loop
West Tiffany, SC 96366",2024-05-28,Saint Pierre and Miquelon
00QWI4V7RIGM760,001ZBDKJMQFR3CU,Molly,Anderson,hingram@boyle.org,001-313-297-3505x029,Vance and Sons,Open - Not Contacted,Partner Referral,2024-10-08,Bangladesh,Lead,Stewart and Sons,(811)601-4535,http://kelley.net/,Technology,Customer,"4874 Jack Springs Apt. 209
Laurenton, KY 46312",2024-05-09,Guernsey
00QPO5UUUC5FUUJ,001APQ5M0FA6IP4,Rachel,Johnson,jason40@gmail.com,001-978-093-8183,"Francis, Chavez and Gaines",Open - Not Contacted,Purchased List,2024-02-20,Saint Barthelemy,Lead,Mcdonald-Rodriguez,+1-644-475-4039x3979,https://park.net/,Manufacturing,Customer,"6176 Jennifer Harbors Apt. 166
East Richardborough, MD 43017",2024-10-17,Tajikistan
00Q64YXPZCHEQYN,001TSVW6MO9AKU0,Mark,Anderson,allenchristina@gmail.com,929.255.3609x066,"Houston, Murillo and Randall",Closed - Converted,Web,2024-12-19,Saudi Arabia,Lead,Moore-Shea,001-708-777-2810x2633,http://roberts.com/,Manufacturing,Customer,"6630 Hunt Camp
Berryburgh, RI 24911",2024-01-31,Portugal
00QXVEMQA2AMN5J,001PU6QDVASGG2M,Mark,Lane,debrapetersen@alvarado-williams.com,(860)748-5758,Hooper-Marquez,Closed - Not Converted,Other,2024-11-22,Algeria,Lead,Schmidt-Austin,920.940.5193,https://www.willis-price.info/,Healthcare,Vendor,"525 Patricia Cape
East Jacob, VA 64262",2024-06-01,South Georgia and the South Sandwich Islands
00QNR4I5A6VXXSK,001N8Y12UU7OVT6,Troy,Morrison,danielle13@davis-gutierrez.com,261-645-5221x903,Dennis-Fisher,Open - Not Contacted,Phone Inquiry,2024-10-24,Moldova,Lead,Fisher Group,298.008.9021x434,http://www.mcdonald.com/,Healthcare,Vendor,"123 Reed Meadow
Kennethfort, VT 37642",2024-11-20,Sri Lanka
00Q2OXCS47P0BIP,001ZBDKJMQFR3CU,Douglas,Clarke,kyleturner@cervantes-wilson.org,(413)496-4360x034,"Stuart, Ramirez and Berry",Working - Contacted,Purchased List,2024-02-22,Oman,Lead,Stewart and Sons,(811)601-4535,http://kelley.net/,Technology,Customer,"4874 Jack Springs Apt. 209
Laurenton, KY 46312",2024-05-09,Guernsey
00QM0L0ZCWGQLOG,001SEFMU4YOLF8C,Cynthia,Montes,stephen56@gmail.com,396-046-7400x237,Cisneros-Weaver,Open - Not Contacted,Other,2024-03-07,Singapore,Lead,Larson Ltd,369-154-1551,http://ballard.com/,Retail,Customer,"239 Porter Vista
Yateschester, AK 84556",2024-03-07,Angola
00Q5VQPPOSPZ558,001EFFFJYOGM0D9,Christopher,Miller,mary43@gmail.com,(117)023-4301x593,Hahn-Diaz,Closed - Converted,Other,2024-10-05,France,Lead,"Griffin, Rodriguez and Guerrero",138-006-7459,https://hobbs-powell.com/,Retail,Prospect,"635 David Highway
South Andrew, MI 96093",2024-03-05,Papua New Guinea
00QJ1VYNUPG8ETH,001478BDXGUQYNH,Vincent,Stevens,ejackson@williams.info,001-801-913-2644x03377,Bradley-Hale,Working - Contacted,Phone Inquiry,2024-02-13,Saint Helena,Lead,Williams LLC,093.467.4159,http://young.com/,Healthcare,Vendor,"85252 Nathan Curve Suite 551
Petersland, OH 97594",2024-09-01,Libyan Arab Jamahiriya
00Q8I7JSZ6N6O2L,00170301OAK50E9,Robert,Robinson,james04@morrow.com,518-660-5282,"Pham, Hall and Robbins",Working - Contacted,Other,2024-11-28,Denmark,Lead,"Williams, Thompson and Washington",+1-424-355-7505x254,http://carrillo.com/,Retail,Prospect,"93632 Walton Brooks Apt. 939
South Patricia, GA 55326",2024-03-18,Argentina
00QL6H2OS771Q2V,001ZF3GARM89AOS,Kyle,Russo,zcrawford@jones.biz,859-918-8481x874,Fleming Group,Working - Contacted,Purchased List,2024-01-21,Central African Republic,Lead,"Weeks, Flores and Banks",001-188-980-4085x28672,https://www.hoffman.com/,Retail,Partner,"2267 Shannon Corner
Codyberg, OH 01281",2024-11-13,Palestinian Territory
00Q2WET930K3LIZ,001P1IK7PQCC7CP,Mary,Murray,qmcdonald@gmail.com,+1-299-275-1461x934,Williams and Sons,Closed - Not Converted,Web,2024-03-15,Georgia,Lead,Hill PLC,746-514-4394,https://blake-burns.com/,Manufacturing,Prospect,"49745 Smith Street
Lake Stephanie, UT 48003",2024-11-08,Swaziland
00QU7ZSID7K9ZK3,00148IOZ5BRBRF8,Justin,Hebert,michael65@cooley.org,825-772-8479,Meyer Inc,Working - Contacted,Web,2024-10-14,Grenada,Lead,"Armstrong, Mcdaniel and Lee",424-260-3912x214,http://young.biz/,Finance,Vendor,"728 James Brook Suite 446
Julianborough, RI 73303",2024-05-16,United States Virgin Islands
00QUF7DIPDHREZ3,001944UZRAP9Q0H,Angela,Mathis,brendasantos@coleman-miller.com,001-261-425-8680,"Marshall, Griffin and Campos",Closed - Not Converted,Phone Inquiry,2024-11-24,Panama,Lead,Coleman-Love,+1-086-320-5422x74407,https://morales.biz/,Education,Vendor,"2389 Melissa Rapids
East Rebeccaside, NM 67612",2024-01-21,Switzerland
00QFJHV35OPRSY2,00148IOZ5BRBRF8,Anthony,House,paulamcknight@wells.com,+1-051-907-4489,Mitchell-Mahoney,Closed - Not Converted,Other,2024-10-24,Chad,Lead,"Armstrong, Mcdaniel and Lee",424-260-3912x214,http://young.biz/,Finance,Vendor,"728 James Brook Suite 446
Julianborough, RI 73303",2024-05-16,United States Virgin Islands
00QK3CTB3V4KFRB,001HL47B8PU5ZIZ,Scott,Campos,melissa16@rivera.info,8765123593,"Rivera, Larson and Carlson",Closed - Converted,Partner Referral,2024-10-03,Tunisia,Lead,Wood-Carrillo,001-346-712-1032x1022,https://www.richards.biz/,Education,Vendor,"1369 Tammy Lakes Suite 677
Sweeneyborough, VT 29277",2024-07-17,Japan
00QAZ6F2POV5UW7,001PMNII5IU9WF1,Gregory,Martinez,carlos10@yahoo.com,+1-657-062-0137x3140,"Nicholson, Mayer and Walters",Working - Contacted,Web,2024-06-01,Afghanistan,Lead,"Smith, Greer and Mcfarland",(169)695-4124x792,http://pruitt.com/,Healthcare,Vendor,"4751 Barton Coves Apt. 073
South Christopherview, MN 55099",2024-12-20,Iran
00QVOR5KEXAZS57,001P46MNTVI38RB,Jennifer,Kramer,eric73@page-peck.com,+1-885-009-1276x205,"Dixon, Torres and King",Working - Contacted,Partner Referral,2024-11-25,Saint Vincent and the Grenadines,Lead,Kaufman-Morgan,561-550-7990x990,https://www.gonzalez.com/,Finance,Customer,"2638 Moore Freeway Apt. 776
Huntport, KS 02006",2024-01-20,Svalbard & Jan Mayen Islands
00QZORNPY7BNYCO,00119625XNPLFAW,Tara,Miller,ibarrabarbara@hotmail.com,(382)748-1254,Moore-Villegas,Working - Contacted,Other,2024-09-12,Colombia,Lead,Bradshaw LLC,393-563-0576x46960,http://franklin.com/,Technology,Partner,"7347 Brooks Path
Nicolehaven, MD 91322",2024-05-09,France
00QDATWIK65EUOF,001BYNBMH096XAW,Karen,Ramirez,lisa86@soto-ramos.org,001-896-926-5284x671,Kaufman and Sons,Working - Contacted,Web,2024-11-15,Ecuador,Lead,Turner LLC,349.934.3043x64029,https://villarreal.net/,Finance,Customer,"45028 Gibbs Valley
South Shannonville, VT 78415",2024-08-26,Luxembourg
00Q1R7YOKD7J2B5,001EFFFJYOGM0D9,Gina,Marshall,bettylee@zhang.info,483.372.6947,"May, Nelson and Wright",Open - Not Contacted,Web,2024-12-14,New Zealand,Lead,"Griffin, Rodriguez and Guerrero",138-006-7459,https://hobbs-powell.com/,Retail,Prospect,"635 David Highway
South Andrew, MI 96093",2024-03-05,Papua New Guinea
00QVSSBCXBAYYEH,001SEFMU4YOLF8C,Steven,Ballard,vmcconnell@hotmail.com,001-486-461-9930x21155,"Hernandez, Young and Shannon",Working - Contacted,Web,2024-02-03,Trinidad and Tobago,Lead,Larson Ltd,369-154-1551,http://ballard.com/,Retail,Customer,"239 Porter Vista
Yateschester, AK 84556",2024-03-07,Angola
00Q3ZERRIM2AN69,001ZF3GARM89AOS,Reginald,Lopez,johnguzman@hotmail.com,+1-879-851-4034,Zamora-Norman,Open - Not Contacted,Other,2024-08-07,Guinea,Lead,"Weeks, Flores and Banks",001-188-980-4085x28672,https://www.hoffman.com/,Retail,Partner,"2267 Shannon Corner
Codyberg, OH 01281",2024-11-13,Palestinian Territory
00QECB4FTOO8YO5,001ZF3GARM89AOS,Bradley,Boyd,dawn18@gmail.com,933.977.9522x4541,Williams Group,Working - Contacted,Purchased List,2024-01-18,Hong Kong,Lead,"Weeks, Flores and Banks",001-188-980-4085x28672,https://www.hoffman.com/,Retail,Partner,"2267 Shannon Corner
Codyberg, OH 01281",2024-11-13,Palestinian Territory
00QYZ1S5HJHPD3F,001EFFFJYOGM0D9,Jennifer,Burton,mking@gmail.com,1075969884,Walker-Santos,Open - Not Contacted,Partner Referral,2024-05-24,Japan,Lead,"Griffin, Rodriguez and Guerrero",138-006-7459,https://hobbs-powell.com/,Retail,Prospect,"635 David Highway
South Andrew, MI 96093",2024-03-05,Papua New Guinea
00QCRURXSQL0IZ7,00148IOZ5BRBRF8,Timothy,Castillo,stephaniehuang@yahoo.com,283.367.1656x600,"Cochran, Eaton and Graham",Closed - Not Converted,Phone Inquiry,2024-02-27,Netherlands,Lead,"Armstrong, Mcdaniel and Lee",424-260-3912x214,http://young.biz/,Finance,Vendor,"728 James Brook Suite 446
Julianborough, RI 73303",2024-05-16,United States Virgin Islands
00QNNRIWO4GU2KW,001RNOAWTOXXVRU,Matthew,Mays,iruiz@chavez-ware.com,437.916.9795x46280,"Lee, Harper and Buchanan",Working - Contacted,Partner Referral,2024-07-03,Kenya,Lead,Jones Ltd,001-761-434-0552x881,https://www.wong.com/,Retail,Vendor,"1246 Harmon Path
Michellestad, OR 96825",2024-02-06,Bolivia
00QUO66O5BH51P3,0015Q5HH2LI42XO,Gregory,Rodriguez,jamiejackson@barnes.biz,907-651-6121,"Curry, Scott and Atkinson",Closed - Not Converted,Purchased List,2024-03-08,Wallis and Futuna,Lead,Stevens Group,+1-961-413-1946,http://www.cannon-henry.org/,Healthcare,Prospect,"372 Morrison Crest
Aliciaview, NE 37794",2024-06-12,Uganda
00QOOAETX724CO2,001N8Y12UU7OVT6,Paul,Brady,icline@jackson-williams.com,682-124-1102x2853,Medina-Malone,Working - Contacted,Other,2024-04-19,Namibia,Lead,Fisher Group,298.008.9021x434,http://www.mcdonald.com/,Healthcare,Vendor,"123 Reed Meadow
Kennethfort, VT 37642",2024-11-20,Sri Lanka
00Q8VWZ0T0OQWJK,0010WWL2KIRWSNE,Nicholas,Parks,cynthiacarlson@gmail.com,617.500.8491x4231,"Yoder, Hicks and Cook",Working - Contacted,Partner Referral,2024-02-26,Cambodia,Lead,"West, Jones and Ramirez",(508)769-6146x827,http://www.wells.com/,Retail,Vendor,"25387 Christopher Turnpike Apt. 862
East Laurieburgh, CO 49061",2024-10-11,Azerbaijan
00QWEWWKQGSU7OE,001EP89O429SJBH,Frances,Fisher,shermanjames@yahoo.com,801-463-4085,Owens Inc,Closed - Not Converted,Partner Referral,2024-11-28,Rwanda,Lead,Cunningham-Clark,(932)519-2954,https://www.long.info/,Healthcare,Prospect,"8393 Eric Skyway Apt. 522
Chadport, AK 17034",2024-12-11,Saint Helena
00Q0P7VWJAE04IH,001A7T0DU937X0C,Marilyn,Rios,woodjanet@hotmail.com,001-869-357-1146x621,"Garza, Robinson and Ward",Closed - Converted,Phone Inquiry,2024-12-13,Congo,Lead,"Peterson, Bryant and Jones",8008862766,https://www.townsend.info/,Finance,Prospect,"885 Peter Islands
Edwinville, NJ 72099",2024-05-23,Uzbekistan
00Q5FSKH022BDCQ,001N2W3PT3I6F20,Amanda,Arnold,alexis92@yahoo.com,+1-042-362-4872,"Klein, Liu and Garrison",Working - Contacted,Partner Referral,2024-09-17,Monaco,Lead,Martinez Group,(037)096-3123x4944,https://williams.org/,Retail,Partner,"3972 Johnson Stravenue
Lake Tonya, KY 83953",2024-10-04,Mauritius
00QD1RW016VJQ3F,001XZ8TMUAP29JA,Theresa,Hopkins,nathan32@perkins.com,656-413-6180x818,"Peterson, Clarke and Sanchez",Working - Contacted,Partner Referral,2024-09-24,Lebanon,Lead,"Johnson, Butler and Terry",281.353.1602,http://hawkins-walker.info/,Finance,Prospect,"9308 Petty Gardens
West Kimberly, TX 11287",2024-05-15,Croatia
00QMP03FGSDYBA1,001APJSX0LETACF,Whitney,Diaz,lthompson@yahoo.com,109.529.1532,Jimenez-Mayer,Closed - Converted,Web,2024-09-28,Thailand,Lead,Mora-Juarez,941.226.8752x749,http://www.davenport.com/,Healthcare,Partner,"61987 Velazquez Landing Suite 143
Lake Oscarstad, NV 47402",2024-06-27,Saint Lucia
00QXH8ZS5S7PSXE,001S1CYGP4DDNG9,Charles,Austin,davisjoy@hill.com,(156)576-5547x39983,"Harvey, Weeks and Edwards",Working - Contacted,Web,2024-04-06,Comoros,Lead,"Jones, Vincent and Barber",791.634.4813x15283,https://richardson.com/,Education,Partner,"80224 Flores Inlet
Bryantstad, DC 50610",2024-12-21,Norway
00QDPVA0IFSSW0B,001MGNJQNUSXCSG,Rachel,Paul,ryanayala@hotmail.com,(616)480-1864,"Cohen, Williams and Miller",Closed - Converted,Other,2024-03-21,Liechtenstein,Lead,Monroe-Brooks,4159900356,http://jefferson-king.com/,Healthcare,Vendor,"768 Alvarez Ridge
Lake Alicia, SD 03702",2024-04-13,Northern Mariana Islands
00Q4WTLYI0MU0VK,00170301OAK50E9,Jason,Brown,ericsteele@yahoo.com,883-743-3903,"Thomas, Clarke and Gray",Closed - Converted,Partner Referral,2024-01-08,United States of America,Lead,"Williams, Thompson and Washington",+1-424-355-7505x254,http://carrillo.com/,Retail,Prospect,"93632 Walton Brooks Apt. 939
South Patricia, GA 55326",2024-03-18,Argentina
00QUK9T5SU6XB5X,001SX1N5MRO2TA5,Nicole,Baker,hgarcia@yahoo.com,275-899-6822x65347,Hawkins-Ryan,Closed - Not Converted,Purchased List,2024-12-10,Uzbekistan,Lead,"Martinez, Cantu and Smith",+1-044-396-3115x811,http://neal-fisher.com/,Finance,Prospect,"820 Luis Turnpike Apt. 135
Lake Michelle, OK 69856",2024-01-15,Hong Kong
00QMKTE4JZ7LA56,001SE3ZCR68PK2R,Lori,Fox,bryantchristina@gmail.com,(906)877-2068,Parrish Group,Working - Contacted,Other,2024-04-03,Timor-Leste,Lead,Edwards LLC,492-268-0814x85258,https://www.campbell.org/,Education,Customer,"507 Timothy Manors Apt. 596
Leahborough, SD 52530",2024-09-30,Latvia
003XA4ET0VJARWE,001E1WL17FHS8ZZ,Brenda,Roberts,uromero@hotmail.com,(096)670-6317,"Lewis, Anderson and White",Open - Not Contacted,Web,2024-07-22,Egypt,Contact,White-Johnston,+1-894-906-7177x872,https://marsh-fox.net/,Retail,Customer,"754 Lang Corner
Sarahland, NE 12301",2024-10-01,Yemen
003TXQHJ51BREQW,001E1WL17FHS8ZZ,Sarah,Baker,roberthampton@hotmail.com,740.961.2030x02616,Davis-Cross,Open - Not Contacted,Other,2024-12-19,Spain,Contact,White-Johnston,+1-894-906-7177x872,https://marsh-fox.net/,Retail,Customer,"754 Lang Corner
Sarahland, NE 12301",2024-10-01,Yemen
0036TYMURGXWMAS,001ZF3GARM89AOS,Troy,Avila,epatterson@yahoo.com,001-755-276-4115x959,"Hughes, Ryan and Frazier",Closed - Converted,Phone Inquiry,2024-04-16,Hungary,Contact,"Weeks, Flores and Banks",001-188-980-4085x28672,https://www.hoffman.com/,Retail,Partner,"2267 Shannon Corner
Codyberg, OH 01281",2024-11-13,Palestinian Territory
003TPXIGNZMT7EB,001HP5RG19XVD2F,Gabriel,Curtis,welchbriana@yahoo.com,747.246.4968x3820,Tanner-King,Closed - Converted,Phone Inquiry,2024-04-13,Ghana,Contact,"Stewart, Robinson and Larsen",(179)940-8151x0203,https://www.harmon-love.net/,Manufacturing,Customer,"521 Miller Fort
Scottport, CO 73902",2024-08-13,Burundi
003A7JK64MHDYVC,00127W6HY8G1TPU,Paul,Harvey,kimberlypatel@davis.com,156.215.8047x5976,Fox-Carlson,Working - Contacted,Partner Referral,2024-10-21,Bangladesh,Contact,Murphy-Rodriguez,(675)462-2117,http://johnson-burton.com/,Healthcare,Vendor,"244 Ortiz Route Apt. 301
East Thomas, NC 36451",2024-02-01,Maldives
003I4XRC6DQ8YNV,001D3VFI23EYEVE,Edward,Reid,april86@anderson.net,+1-223-233-4485x511,Russo PLC,Closed - Not Converted,Partner Referral,2024-07-09,New Zealand,Contact,Marquez-Johnson,630-312-2331,https://www.bell.org/,Retail,Vendor,"298 Quinn Park
New Kelly, SD 59118",2024-12-02,Slovakia (Slovak Republic)
003C17WHC2Y65ZJ,001NX631LTJI7IU,Ashley,Powell,bward@martinez.com,(943)286-5897x409,"Abbott, Williamson and Wilcox",Open - Not Contacted,Phone Inquiry,2024-12-13,Saint Helena,Contact,"Robinson, Walsh and Solomon",482.527.9190,https://olsen-crawford.info/,Retail,Vendor,"74920 Lori Rapids Apt. 631
New Marcland, MA 84920",2024-11-21,Reunion
003GUH2MZ4QB708,001P1IK7PQCC7CP,Brett,Martin,bookerglenn@gmail.com,868.582.4903x28182,Reeves Ltd,Closed - Not Converted,Web,2024-06-08,Holy See (Vatican City State),Contact,Hill PLC,746-514-4394,https://blake-burns.com/,Manufacturing,Prospect,"49745 Smith Street
Lake Stephanie, UT 48003",2024-11-08,Swaziland
003OPBB55L6INND,001SEFMU4YOLF8C,David,Williams,acruz@scott.org,108.963.4106x11054,Orozco Inc,Open - Not Contacted,Purchased List,2024-08-31,South Georgia and the South Sandwich Islands,Contact,Larson Ltd,369-154-1551,http://ballard.com/,Retail,Customer,"239 Porter Vista
Yateschester, AK 84556",2024-03-07,Angola
003WWJZXIFI0KUP,0010WWL2KIRWSNE,Thomas,Brown,thomassteven@moreno-hughes.info,(263)300-1000x900,"Small, Barnes and Hansen",Open - Not Contacted,Other,2024-06-11,Colombia,Contact,"West, Jones and Ramirez",(508)769-6146x827,http://www.wells.com/,Retail,Vendor,"25387 Christopher Turnpike Apt. 862
East Laurieburgh, CO 49061",2024-10-11,Azerbaijan
0030T4LE6W8CFUB,001BYNBMH096XAW,Jose,Harper,vwilson@gmail.com,001-960-050-8006x40337,"Vaughn, Gallagher and Day",Closed - Not Converted,Partner Referral,2024-11-13,China,Contact,Turner LLC,349.934.3043x64029,https://villarreal.net/,Finance,Customer,"45028 Gibbs Valley
South Shannonville, VT 78415",2024-08-26,Luxembourg
003W221UAO04YYP,001UQXX290ORG3C,Jennifer,Douglas,luis58@yahoo.com,001-420-367-1692x47413,"Flores, Burton and Robinson",Closed - Not Converted,Purchased List,2024-11-08,Austria,Contact,Hebert and Sons,6817336736,http://rivera.com/,Finance,Partner,"07442 Mark Course Apt. 321
Pennychester, RI 55057",2024-01-15,Saint Helena
003J8YPPDFN3BEZ,001944UZRAP9Q0H,Sarah,Murphy,diana21@taylor.info,(516)375-7052x93857,Long-Robertson,Closed - Converted,Web,2024-12-09,Belarus,Contact,Coleman-Love,+1-086-320-5422x74407,https://morales.biz/,Education,Vendor,"2389 Melissa Rapids
East Rebeccaside, NM 67612",2024-01-21,Switzerland
003D8V6TLVS88SC,001P1IK7PQCC7CP,Wanda,Jones,rrice@mitchell.info,930-476-8908x28515,Campbell PLC,Working - Contacted,Partner Referral,2024-08-30,Bermuda,Contact,Hill PLC,746-514-4394,https://blake-burns.com/,Manufacturing,Prospect,"49745 Smith Street
Lake Stephanie, UT 48003",2024-11-08,Swaziland
0039WAY94P5H1NT,001PU6QDVASGG2M,Michael,Shea,carolmiller@carr.com,512-210-3731x9702,Bates Inc,Working - Contacted,Partner Referral,2024-01-16,Kenya,Contact,Schmidt-Austin,920.940.5193,https://www.willis-price.info/,Healthcare,Vendor,"525 Patricia Cape
East Jacob, VA 64262",2024-06-01,South Georgia and the South Sandwich Islands
003M2IZ4YFWZ315,001944UZRAP9Q0H,Robert,Thomas,kristencole@gmail.com,7813402572,"Golden, Castaneda and Johnson",Open - Not Contacted,Purchased List,2024-11-26,Honduras,Contact,Coleman-Love,+1-086-320-5422x74407,https://morales.biz/,Education,Vendor,"2389 Melissa Rapids
East Rebeccaside, NM 67612",2024-01-21,Switzerland
00376U1PRXQ6TIB,0016GIL21N00CQI,Ashley,Wood,paulmelton@gmail.com,(794)202-8073,Henderson PLC,Closed - Not Converted,Partner Referral,2024-09-28,Cape Verde,Contact,Macdonald-Hensley,756-290-2993x14561,http://bailey-salazar.com/,Manufacturing,Vendor,"8696 Andrew Lights
North Holly, MD 65889",2024-09-24,Angola
0033VWG7QG7CBZ9,001P1IK7PQCC7CP,Linda,Conley,lawsonchristopher@carey.com,001-129-664-6238x32332,Duke-Henry,Open - Not Contacted,Phone Inquiry,2024-01-02,French Polynesia,Contact,Hill PLC,746-514-4394,https://blake-burns.com/,Manufacturing,Prospect,"49745 Smith Street
Lake Stephanie, UT 48003",2024-11-08,Swaziland
003TM8RVOQ819WG,0013VJUT5FX3K0X,Chad,Smith,jacobsoncynthia@lang.biz,001-855-045-4729x764,Cisneros-Guzman,Closed - Converted,Other,2024-04-02,Antarctica (the territory South of 60 deg S),Contact,Nunez and Sons,9149465042,https://www.west-moran.org/,Technology,Prospect,"53153 Stephen Lodge
East Jeffery, CA 75275",2024-11-20,Saint Helena
0038MZMKZ6UBG9Q,0012AE5Q4PCIAKZ,Stephanie,Anderson,laurawalker@eaton.biz,171-865-1071,Johnson-Reyes,Closed - Converted,Phone Inquiry,2024-03-31,Falkland Islands (Malvinas),Contact,Brennan Inc,289-542-9043x120,https://torres.org/,Finance,Partner,"49004 Yolanda Knoll Apt. 418
Millertown, VT 63304",2024-02-13,Swaziland
0037EYFSIIQHDA3,001TSVW6MO9AKU0,Pam,Downs,tracy13@hotmail.com,428-590-6274x49120,Chan-Hale,Closed - Converted,Purchased List,2024-04-21,Macedonia,Contact,Moore-Shea,001-708-777-2810x2633,http://roberts.com/,Manufacturing,Customer,"6630 Hunt Camp
Berryburgh, RI 24911",2024-01-31,Portugal
003FDYHMCWAGAJU,001GG94SRS8YBJQ,Adam,Barnett,ronald21@yahoo.com,+1-899-238-8643x32840,Torres PLC,Working - Contacted,Phone Inquiry,2024-05-20,Angola,Contact,Chan-Miller,264-444-6357x5873,http://diaz.biz/,Education,Vendor,"2034 Melissa Mill
Joseside, MT 25171",2024-12-16,Svalbard & Jan Mayen Islands
003JCVJQI4YNTFS,001KCN48RN2CR5Y,Jennifer,Stephens,davidhamilton@norris.com,001-433-156-8383x243,Mcclure-Torres,Closed - Converted,Phone Inquiry,2024-09-27,Guatemala,Contact,Thomas Ltd,+1-098-605-3324,http://www.baxter-woods.com/,Manufacturing,Partner,"757 Smith Crossroad Apt. 767
Lake Taylor, MD 19325",2024-03-13,Djibouti
003XQRZY95DQYDW,001CZVC54I7UA6D,Susan,Gonzalez,philip48@gmail.com,555-544-8400x809,Morrow-Chung,Closed - Converted,Phone Inquiry,2024-11-06,India,Contact,"Gomez, Johnson and Lynch",439-794-4890x9098,http://www.bennett.com/,Technology,Prospect,"082 Karl Crossing Apt. 367
East Billyville, HI 63301",2024-03-24,Falkland Islands (Malvinas)
00331CC77N8G1C0,001QQDUKEXUU5XO,Jeremiah,Suarez,williamnielsen@king-jones.org,417.544.6191x0475,"Mason, Vasquez and Gonzalez",Working - Contacted,Phone Inquiry,2024-08-31,Mauritius,Contact,Gamble Ltd,292-398-4669x27803,http://www.rivera-guzman.net/,Technology,Customer,"317 Simpson Extensions Suite 685
Clarkview, RI 02921",2024-03-07,Liberia
003J2QKNKML7TWQ,001RIH1Z289LAPE,Stephanie,Christensen,richardbrown@yahoo.com,(387)983-1485,"Jones, Sanchez and Ruiz",Open - Not Contacted,Phone Inquiry,2024-10-22,Rwanda,Contact,"Cummings, Villarreal and Bryant",(388)524-5088,https://www.cook.com/,Retail,Partner,"1598 Kaufman Creek
Port Kevin, DC 65145",2024-08-03,Vanuatu
003T93R90GJ7QNJ,001WE0A1T6R3LPH,William,Reed,megangonzalez@gmail.com,2373615606,Harris-Brown,Working - Contacted,Web,2024-09-07,Guernsey,Contact,"Vaughan, Dunlap and Moore",163.782.8912,https://www.brown-anderson.info/,Healthcare,Prospect,"330 Jeremy Trail
South Tony, NE 49373",2024-07-03,Greece
003MB10JGJVPMP2,001D3VFI23EYEVE,Maureen,Smith,taylorstacey@yahoo.com,457.158.5817,"Palmer, Gomez and Moore",Closed - Converted,Purchased List,2024-06-03,Burkina Faso,Contact,Marquez-Johnson,630-312-2331,https://www.bell.org/,Retail,Vendor,"298 Quinn Park
New Kelly, SD 59118",2024-12-02,Slovakia (Slovak Republic)
003KP7NZS7EIQ97,001CZVC54I7UA6D,Laura,Hall,ivaughn@bennett.com,309.528.4363,Larson PLC,Working - Contacted,Partner Referral,2024-05-22,Madagascar,Contact,"Gomez, Johnson and Lynch",439-794-4890x9098,http://www.bennett.com/,Technology,Prospect,"082 Karl Crossing Apt. 367
East Billyville, HI 63301",2024-03-24,Falkland Islands (Malvinas)
003JE5GDDDNAHQT,001RNOAWTOXXVRU,Penny,Gray,vmooney@yahoo.com,+1-590-875-8926x60055,Gonzalez and Sons,Open - Not Contacted,Web,2024-05-05,Belize,Contact,Jones Ltd,001-761-434-0552x881,https://www.wong.com/,Retail,Vendor,"1246 Harmon Path
Michellestad, OR 96825",2024-02-06,Bolivia
003YXYEX9OBZAY2,001HCMYXXJ7EOYW,Veronica,Patrick,michael57@hotmail.com,+1-245-978-8652,"Wilson, Coleman and Schmidt",Closed - Converted,Partner Referral,2024-05-17,South Africa,Contact,Rose-Flores,762-387-2968x288,http://www.smith.org/,Healthcare,Prospect,"13929 Richardson Loaf Suite 311
South Melaniemouth, ME 67532",2024-09-25,Ghana
0034WGCEABCPBYF,001JZ8U6UD07W5M,Lauren,Smith,tbooth@smith.com,(353)203-8966x350,George and Sons,Closed - Converted,Web,2024-06-04,Armenia,Contact,"Simmons, Robles and Rodriguez",001-420-083-4008x68191,http://www.oneal.biz/,Manufacturing,Vendor,"4392 Johnson Mountains Apt. 225
Lauraport, CA 45341",2024-11-02,Thailand
00318UVMRFQZ8V8,001PJRQYELP5URK,Courtney,Ochoa,xsmith@hotmail.com,952-500-5093x011,Turner-Rodriguez,Closed - Not Converted,Purchased List,2024-08-29,Christmas Island,Contact,Solis-Campbell,958.253.2165,https://herring.com/,Retail,Vendor,"935 Chambers Skyway Apt. 412
Cannonchester, CA 84325",2024-12-07,Korea
003RNZYTP3QDHY0,0016GIL21N00CQI,Deborah,Price,loganstephen@chandler-johnson.com,9837012436,Richardson-Lopez,Open - Not Contacted,Purchased List,2024-01-10,Saint Pierre and Miquelon,Contact,Macdonald-Hensley,756-290-2993x14561,http://bailey-salazar.com/,Manufacturing,Vendor,"8696 Andrew Lights
North Holly, MD 65889",2024-09-24,Angola
003V62QX079F6KF,001ZM8ZJ31LLMOF,Patrick,Black,deckersusan@gmail.com,+1-709-935-9336x53035,Hansen Inc,Closed - Converted,Web,2024-03-01,Tokelau,Contact,Esparza-Vaughn,001-650-360-4087x966,https://gray-olson.com/,Education,Vendor,"381 Montgomery Gateway
Jaredmouth, CA 53935",2024-04-10,United Arab Emirates
0038GG2GU0SCI8P,001MM3030266T5L,Jim,Jackson,richardsonrachel@gmail.com,409-486-5511x356,Willis-Hall,Closed - Not Converted,Purchased List,2024-10-05,Hungary,Contact,Woodward LLC,368-839-7242,http://www.dougherty.net/,Healthcare,Prospect,"151 Scott Road Suite 586
Port Olivia, MO 30246",2024-09-08,Oman
003MXYP9HZB4567,001E1WL17FHS8ZZ,Jennifer,Morgan,kevin64@cherry-castro.net,+1-939-138-9004x702,Harrison LLC,Working - Contacted,Partner Referral,2024-12-04,Brazil,Contact,White-Johnston,+1-894-906-7177x872,https://marsh-fox.net/,Retail,Customer,"754 Lang Corner
Sarahland, NE 12301",2024-10-01,Yemen
003D1KWHRH8NUNW,0010W4JUCNKS342,Jennifer,Morales,cwilson@welch-davis.info,+1-177-827-1130x6843,"Aguilar, Ryan and Sandoval",Closed - Converted,Partner Referral,2024-09-13,Greenland,Contact,Ruiz LLC,566.662.1190x4298,http://simon.com/,Education,Prospect,"5221 Lambert Centers Suite 029
Port Kurt, NE 22208",2024-06-08,Saint Barthelemy
003ULNWA2DTV6N6,001XFBG6WSCT3BB,Hector,Perez,mary23@yahoo.com,(615)750-3033,Taylor-Morgan,Working - Contacted,Partner Referral,2024-06-14,Guatemala,Contact,"Holt, Washington and White",001-980-965-1506,http://www.murillo.biz/,Finance,Partner,"5626 Annette Village Suite 360
East Kevinfurt, OR 58825",2024-09-02,Bahrain
003UV135PQ264RP,0013VJUT5FX3K0X,David,Mccarthy,kennethhaynes@preston-campbell.com,+1-765-058-4260x0595,Fry Ltd,Open - Not Contacted,Purchased List,2024-08-06,Antarctica (the territory South of 60 deg S),Contact,Nunez and Sons,9149465042,https://www.west-moran.org/,Technology,Prospect,"53153 Stephen Lodge
East Jeffery, CA 75275",2024-11-20,Saint Helena
003466T0KSSFE3I,001EP89O429SJBH,William,Miller,perezkenneth@stone.com,963.174.0174x69310,Miller-James,Closed - Not Converted,Web,2024-12-04,Mozambique,Contact,Cunningham-Clark,(932)519-2954,https://www.long.info/,Healthcare,Prospect,"8393 Eric Skyway Apt. 522
Chadport, AK 17034",2024-12-11,Saint Helena
003VV004EN90ZZD,001O4RKLSPQD5U7,Tammy,Wall,fjimenez@hotmail.com,(298)085-1807,Miller Group,Open - Not Contacted,Web,2024-01-30,Turks and Caicos Islands,Contact,"Delacruz, Howard and Porter",887.402.6492x2028,https://www.oconnor.com/,Manufacturing,Customer,"463 Gwendolyn Plaza Suite 321
Port Allison, AZ 99338",2024-04-03,American Samoa
003ONZX1YI78W43,001WE0A1T6R3LPH,Michael,Martinez,zsmith@holmes.com,247-262-9667x7258,Snow-Mann,Closed - Converted,Phone Inquiry,2024-12-11,Andorra,Contact,"Vaughan, Dunlap and Moore",163.782.8912,https://www.brown-anderson.info/,Healthcare,Prospect,"330 Jeremy Trail
South Tony, NE 49373",2024-07-03,Greece
003Q9PHZIWODOZY,001E1WL17FHS8ZZ,Henry,Bell,martinandrew@hotmail.com,(360)580-8257x9360,Mcguire PLC,Closed - Converted,Web,2024-07-11,Tokelau,Contact,White-Johnston,+1-894-906-7177x872,https://marsh-fox.net/,Retail,Customer,"754 Lang Corner
Sarahland, NE 12301",2024-10-01,Yemen
003KLHNN1UJ6UCF,00148IOZ5BRBRF8,David,Lee,zacharyfranklin@hanson.com,094.837.4793x06392,Gibson PLC,Open - Not Contacted,Other,2024-04-30,Algeria,Contact,"Armstrong, Mcdaniel and Lee",424-260-3912x214,http://young.biz/,Finance,Vendor,"728 James Brook Suite 446
Julianborough, RI 73303",2024-05-16,United States Virgin Islands
003KW7Z44HU34UT,0010W4JUCNKS342,Douglas,Moore,timothy60@hotmail.com,001-436-326-2748x017,Vasquez Group,Closed - Converted,Other,2024-08-09,Sweden,Contact,Ruiz LLC,566.662.1190x4298,http://simon.com/,Education,Prospect,"5221 Lambert Centers Suite 029
Port Kurt, NE 22208",2024-06-08,Saint Barthelemy
003AR4BB672XLR4,001S1CYGP4DDNG9,Jennifer,Jones,jamie60@george.net,591.979.9286,"Robinson, Dickson and Johnson",Closed - Converted,Web,2024-02-12,Saint Kitts and Nevis,Contact,"Jones, Vincent and Barber",791.634.4813x15283,https://richardson.com/,Education,Partner,"80224 Flores Inlet
Bryantstad, DC 50610",2024-12-21,Norway
003AJM9GOMLQB73,001HCMYXXJ7EOYW,Theresa,Rangel,bryan71@dillon-wilson.com,(934)422-7799,"Norton, Jordan and Jones",Open - Not Contacted,Other,2024-03-29,Mauritius,Contact,Rose-Flores,762-387-2968x288,http://www.smith.org/,Healthcare,Prospect,"13929 Richardson Loaf Suite 311
South Melaniemouth, ME 67532",2024-09-25,Ghana
003WK4KIQV40S41,001PU6QDVASGG2M,Christopher,Escobar,gomezbrittany@gmail.com,548-875-2793,"Garcia, Hernandez and Miller",Open - Not Contacted,Web,2024-06-03,Bhutan,Contact,Schmidt-Austin,920.940.5193,https://www.willis-price.info/,Healthcare,Vendor,"525 Patricia Cape
East Jacob, VA 64262",2024-06-01,South Georgia and the South Sandwich Islands
003IMQPHQEGFN4L,001EP89O429SJBH,Rachel,Quinn,mary68@hotmail.com,001-403-882-0231x57225,Williams-Brown,Closed - Converted,Other,2024-08-12,Cook Islands,Contact,Cunningham-Clark,(932)519-2954,https://www.long.info/,Healthcare,Prospect,"8393 Eric Skyway Apt. 522
Chadport, AK 17034",2024-12-11,Saint Helena
003K4KSJOEJ9BAB,001FDE4MTQMLZZU,Michelle,Perez,rachelclark@anderson-ward.net,969-317-7719x3967,"Price, Gilbert and Ortega",Open - Not Contacted,Web,2024-03-02,Saint Helena,Contact,Murray-Lyons,+1-394-284-2002,https://www.whitney.biz/,Education,Partner,"0772 Delgado Run
Jillland, MO 58043",2024-03-09,Syrian Arab Republic
003KVVED2P7S8JI,001N8Y12UU7OVT6,Megan,Smith,hstephens@hotmail.com,+1-061-159-7958x4982,Ortega-Lara,Closed - Converted,Partner Referral,2024-11-27,Guinea,Contact,Fisher Group,298.008.9021x434,http://www.mcdonald.com/,Healthcare,Vendor,"123 Reed Meadow
Kennethfort, VT 37642",2024-11-20,Sri Lanka
003IU236TLMCC8C,0013VJUT5FX3K0X,Eric,Dawson,amandagomez@schneider.com,586.359.8585,Sanders PLC,Working - Contacted,Partner Referral,2024-09-08,Haiti,Contact,Nunez and Sons,9149465042,https://www.west-moran.org/,Technology,Prospect,"53153 Stephen Lodge
East Jeffery, CA 75275",2024-11-20,Saint Helena
003S93DMZZKTJQ5,001SQLN4KNCX6KE,Bryan,Curtis,carrmichael@gmail.com,760.258.7585,Ward PLC,Open - Not Contacted,Partner Referral,2024-09-25,Central African Republic,Contact,Fernandez-Brown,567-023-7447x226,https://www.woods.com/,Retail,Partner,"0170 Smith Hill
Sellersborough, MO 95962",2024-01-07,Mongolia
00376MMS98XX6Z4,00123ZQJN1CH197,Michael,Anderson,james97@macias.info,001-826-312-3631x6144,Harris and Sons,Closed - Converted,Web,2024-01-13,Solomon Islands,Contact,"Hernandez, Perkins and Melendez",001-806-750-8788x77628,http://www.tapia.com/,Manufacturing,Customer,"35616 Dennis Roads Suite 988
Geraldport, WV 21057",2024-03-15,Tonga
003QMARDT1UU0IC,001ZBDKJMQFR3CU,Kimberly,Maxwell,floresann@yahoo.com,785-478-5737x893,Fowler Ltd,Open - Not Contacted,Other,2024-04-13,Nepal,Contact,Stewart and Sons,(811)601-4535,http://kelley.net/,Technology,Customer,"4874 Jack Springs Apt. 209
Laurenton, KY 46312",2024-05-09,Guernsey
003RDZJXJAZIVQH,001HP5RG19XVD2F,Dennis,Mason,danielhernandez@hotmail.com,+1-329-672-7065x036,Horne Inc,Closed - Converted,Web,2024-04-15,Turkmenistan,Contact,"Stewart, Robinson and Larsen",(179)940-8151x0203,https://www.harmon-love.net/,Manufacturing,Customer,"521 Miller Fort
Scottport, CO 73902",2024-08-13,Burundi
003MHWIVG1T2YHJ,001BYNBMH096XAW,Adam,Palmer,ahernandez@holt.org,429.051.5610,Herman-Warren,Closed - Converted,Web,2024-02-29,Svalbard & Jan Mayen Islands,Contact,Turner LLC,349.934.3043x64029,https://villarreal.net/,Finance,Customer,"45028 Gibbs Valley
South Shannonville, VT 78415",2024-08-26,Luxembourg
00313Z1ZK07X208,001DZM917HDOJHD,Ronnie,Lewis,aaron04@evans-pennington.com,(579)089-1302x9476,Burch-Landry,Closed - Converted,Phone Inquiry,2024-05-06,Liberia,Contact,Alvarez Group,562-100-4981,http://herring.com/,Healthcare,Prospect,"3336 Fitzgerald Pines
South Anthonymouth, SC 50840",2024-10-22,Hong Kong
003CUJ1IIT6XXMV,00148IOZ5BRBRF8,Julia,Garza,wardmisty@hotmail.com,953-863-3850,Jenkins-King,Working - Contacted,Other,2024-05-19,Benin,Contact,"Armstrong, Mcdaniel and Lee",424-260-3912x214,http://young.biz/,Finance,Vendor,"728 James Brook Suite 446
Julianborough, RI 73303",2024-05-16,United States Virgin Islands
003QCXXDOTQM1ZH,001PJRQYELP5URK,William,Cooper,deannahinton@hotmail.com,2332228055,Miller Ltd,Closed - Converted,Other,2024-11-16,Palau,Contact,Solis-Campbell,958.253.2165,https://herring.com/,Retail,Vendor,"935 Chambers Skyway Apt. 412
Cannonchester, CA 84325",2024-12-07,Korea
003CF1CBJ72YJKG,001QQDUKEXUU5XO,Steve,Johnson,morrisjohn@reyes.com,(899)937-0518x1828,Schneider Ltd,Working - Contacted,Phone Inquiry,2024-07-31,Swaziland,Contact,Gamble Ltd,292-398-4669x27803,http://www.rivera-guzman.net/,Technology,Customer,"317 Simpson Extensions Suite 685
Clarkview, RI 02921",2024-03-07,Liberia
003N7XF0HK01WOQ,00170301OAK50E9,Jamie,Silva,richardlopez@hotmail.com,5401286333,"Reid, Peterson and Martin",Closed - Not Converted,Other,2024-03-11,Palestinian Territory,Contact,"Williams, Thompson and Washington",+1-424-355-7505x254,http://carrillo.com/,Retail,Prospect,"93632 Walton Brooks Apt. 939
South Patricia, GA 55326",2024-03-18,Argentina
00305FX2IS04AZ8,001ZBDKJMQFR3CU,Audrey,Calhoun,robertmontgomery@hardy-wall.com,100.127.7810,George-Arellano,Working - Contacted,Purchased List,2024-03-30,Cyprus,Contact,Stewart and Sons,(811)601-4535,http://kelley.net/,Technology,Customer,"4874 Jack Springs Apt. 209
Laurenton, KY 46312",2024-05-09,Guernsey
003T0GY0PKSO3NW,001WE0A1T6R3LPH,Rebecca,Reynolds,jonespaige@burton-adams.com,+1-774-254-3654,Mclean Group,Closed - Converted,Web,2024-11-30,Aruba,Contact,"Vaughan, Dunlap and Moore",163.782.8912,https://www.brown-anderson.info/,Healthcare,Prospect,"330 Jeremy Trail
South Tony, NE 49373",2024-07-03,Greece
00360SG2B7G0IJ5,001E1WL17FHS8ZZ,Daniel,Martinez,allenhenderson@gmail.com,464-375-3569,"Simpson, Cruz and Bernard",Open - Not Contacted,Partner Referral,2024-05-08,Taiwan,Contact,White-Johnston,+1-894-906-7177x872,https://marsh-fox.net/,Retail,Customer,"754 Lang Corner
Sarahland, NE 12301",2024-10-01,Yemen
003UKS5614EQ0YQ,001APJSX0LETACF,Julie,Lewis,christopher68@hotmail.com,849.275.5967,Bennett Inc,Working - Contacted,Other,2024-08-19,South Africa,Contact,Mora-Juarez,941.226.8752x749,http://www.davenport.com/,Healthcare,Partner,"61987 Velazquez Landing Suite 143
Lake Oscarstad, NV 47402",2024-06-27,Saint Lucia
003UGCV2MMNYB6D,001D3VFI23EYEVE,Heather,Frye,samantha00@cox.com,0467031809,"Burton, Watkins and Frey",Closed - Not Converted,Partner Referral,2024-02-11,Saint Vincent and the Grenadines,Contact,Marquez-Johnson,630-312-2331,https://www.bell.org/,Retail,Vendor,"298 Quinn Park
New Kelly, SD 59118",2024-12-02,Slovakia (Slovak Republic)
0034L9F0OLV1MFW,001944UZRAP9Q0H,Darrell,Kennedy,kimberlyerickson@yahoo.com,068-104-4642,"Smith, Hamilton and Lewis",Closed - Not Converted,Phone Inquiry,2024-10-29,United Kingdom,Contact,Coleman-Love,+1-086-320-5422x74407,https://morales.biz/,Education,Vendor,"2389 Melissa Rapids
East Rebeccaside, NM 67612",2024-01-21,Switzerland
003DG0ASX7SBS2L,001JMHOWG1WF9JQ,Robert,Henson,gnash@gmail.com,001-566-684-7053x76193,Evans Ltd,Working - Contacted,Other,2024-03-11,Belgium,Contact,Kennedy LLC,496.209.2904x371,https://walker.com/,Healthcare,Vendor,"PSC 7037, Box 0191
APO AA 70429",2024-06-01,Moldova
0039JAOIRKWY07M,00119625XNPLFAW,Nicholas,Webb,roger54@martinez.com,1432514147,Ruiz Inc,Closed - Not Converted,Purchased List,2024-02-09,Mauritania,Contact,Bradshaw LLC,393-563-0576x46960,http://franklin.com/,Technology,Partner,"7347 Brooks Path
Nicolehaven, MD 91322",2024-05-09,France
003HRECRTBNIY8O,001P1IK7PQCC7CP,Jessica,Lawrence,bthomas@yahoo.com,420.684.3772,"Tucker, Donovan and Martinez",Closed - Converted,Purchased List,2024-06-07,Belgium,Contact,Hill PLC,746-514-4394,https://blake-burns.com/,Manufacturing,Prospect,"49745 Smith Street
Lake Stephanie, UT 48003",2024-11-08,Swaziland
003UDN264YTPTCW,001KCN48RN2CR5Y,Joan,Rivera,susanwalker@yahoo.com,+1-304-409-8465x835,Duffy Group,Closed - Not Converted,Phone Inquiry,2024-01-28,Saint Helena,Contact,Thomas Ltd,+1-098-605-3324,http://www.baxter-woods.com/,Manufacturing,Partner,"757 Smith Crossroad Apt. 767
Lake Taylor, MD 19325",2024-03-13,Djibouti
003O3G2NBTZZ4VM,0013GWACSRNP2HX,Lisa,Andrews,munozcarol@hotmail.com,413.291.1567x548,Howell LLC,Open - Not Contacted,Other,2024-10-16,Puerto Rico,Contact,Stephens-Miller,+1-855-391-0981x8804,http://www.summers.info/,Finance,Partner,"356 Jennifer Crossing
Millerbury, NY 92140",2024-08-09,United Arab Emirates
003NIYMIY5ABI9L,001P1IK7PQCC7CP,Diane,Lewis,paigegilbert@hotmail.com,903-230-2095,Ritter Inc,Working - Contacted,Other,2024-11-22,Rwanda,Contact,Hill PLC,746-514-4394,https://blake-burns.com/,Manufacturing,Prospect,"49745 Smith Street
Lake Stephanie, UT 48003",2024-11-08,Swaziland
003V1MNKKNKH5QI,001HCMYXXJ7EOYW,Sandra,Levy,dickersonpamela@yahoo.com,(056)752-9636x608,West Group,Working - Contacted,Partner Referral,2024-08-28,United Kingdom,Contact,Rose-Flores,762-387-2968x288,http://www.smith.org/,Healthcare,Prospect,"13929 Richardson Loaf Suite 311
South Melaniemouth, ME 67532",2024-09-25,Ghana
003YEUU4CXET0AP,001SEFMU4YOLF8C,John,Wright,cochranroy@richardson.com,(970)906-0611x85244,Hunter and Sons,Open - Not Contacted,Phone Inquiry,2024-09-16,Svalbard & Jan Mayen Islands,Contact,Larson Ltd,369-154-1551,http://ballard.com/,Retail,Customer,"239 Porter Vista
Yateschester, AK 84556",2024-03-07,Angola
0039DCMAN5SPARU,001RIH1Z289LAPE,Stacey,Smith,taylordavid@ford-ellis.com,989.401.7601x990,Mcdaniel Group,Closed - Converted,Phone Inquiry,2024-02-04,Malawi,Contact,"Cummings, Villarreal and Bryant",(388)524-5088,https://www.cook.com/,Retail,Partner,"1598 Kaufman Creek
Port Kevin, DC 65145",2024-08-03,Vanuatu
0037XUCISVJDCUC,001YBPRKTLIT5BD,Kim,Ellis,charles87@hotmail.com,3160779785,"Evans, Jackson and Stanley",Open - Not Contacted,Partner Referral,2024-02-10,Bahrain,Contact,Lopez-Mccarty,(595)693-0606,http://morales.com/,Retail,Vendor,"48630 Ross Hill Apt. 891
New Jerryside, IL 88318",2024-02-14,Tanzania
0036DY7BV9LLOGE,0019O54L0L5CGSA,Judy,Flynn,davisdouglas@gmail.com,255.691.4023,"Clark, Conway and Torres",Closed - Not Converted,Purchased List,2024-11-09,Martinique,Contact,"Smith, Owen and Peterson",1685800462,https://www.roman-jackson.com/,Education,Vendor,"9444 Vargas Extensions
Racheltown, PA 53188",2024-01-06,American Samoa
00357ITUUGWIEMJ,001QQDUKEXUU5XO,Sean,Reynolds,melanievincent@bradshaw.org,001-239-929-8949,Mora Inc,Closed - Not Converted,Other,2024-07-15,Germany,Contact,Gamble Ltd,292-398-4669x27803,http://www.rivera-guzman.net/,Technology,Customer,"317 Simpson Extensions Suite 685
Clarkview, RI 02921",2024-03-07,Liberia
003GJM8C7T5GPJW,0010MLWCAPXDEX3,Tim,Blake,rreed@guzman.com,001-828-010-2632,"Marshall, Williams and Wright",Working - Contacted,Phone Inquiry,2024-10-08,San Marino,Contact,Nicholson-Gray,222.099.7146,http://thompson.biz/,Education,Partner,"51746 Angela Pass
West Sarahshire, HI 49378",2024-10-26,Martinique
0038Z8Q64UJE6FK,001X9V5078JYKYK,Johnny,Hernandez,mark70@yahoo.com,001-176-998-0935x8168,Smith Inc,Closed - Not Converted,Purchased List,2024-06-13,Cayman Islands,Contact,Stanley Inc,649-007-9329x82528,http://www.robertson.biz/,Finance,Prospect,"266 Jeffery Gateway
Burnstown, UT 53313",2024-09-17,Kyrgyz Republic
0035LYT5AWUWN8J,0013VJUT5FX3K0X,Stephen,Jones,pjohnson@gmail.com,524.950.3367x715,"Williams, Lowe and Martin",Open - Not Contacted,Phone Inquiry,2024-02-26,Papua New Guinea,Contact,Nunez and Sons,9149465042,https://www.west-moran.org/,Technology,Prospect,"53153 Stephen Lodge
East Jeffery, CA 75275",2024-11-20,Saint Helena
003ZP7Y6K1JR260,00127W6HY8G1TPU,David,French,fullerderek@rowe-figueroa.com,261-737-4815x99461,Walker-Stewart,Closed - Not Converted,Other,2024-07-12,Albania,Contact,Murphy-Rodriguez,(675)462-2117,http://johnson-burton.com/,Healthcare,Vendor,"244 Ortiz Route Apt. 301
East Thomas, NC 36451",2024-02-01,Maldives
0033EEBQWVFOM3J,001HCMYXXJ7EOYW,Christopher,Hooper,camachojames@gonzales-hudson.com,001-583-419-7121,"Chapman, Sharp and King",Working - Contacted,Partner Referral,2024-10-16,Aruba,Contact,Rose-Flores,762-387-2968x288,http://www.smith.org/,Healthcare,Prospect,"13929 Richardson Loaf Suite 311
South Melaniemouth, ME 67532",2024-09-25,Ghana
0032QY4AJDCFWZI,001N2W3PT3I6F20,Christian,Blake,ltorres@ortiz.com,528.747.5688,"Salazar, Tucker and Stokes",Working - Contacted,Partner Referral,2024-04-10,Cyprus,Contact,Martinez Group,(037)096-3123x4944,https://williams.org/,Retail,Partner,"3972 Johnson Stravenue
Lake Tonya, KY 83953",2024-10-04,Mauritius
003P47YO1CG5Z1J,001FDE4MTQMLZZU,Matthew,Kane,franklinjason@gmail.com,+1-048-989-3167,"Lee, Brock and Russell",Closed - Converted,Partner Referral,2024-11-27,Liechtenstein,Contact,Murray-Lyons,+1-394-284-2002,https://www.whitney.biz/,Education,Partner,"0772 Delgado Run
Jillland, MO 58043",2024-03-09,Syrian Arab Republic
0032JJ2LY9G4TOT,001ED8QE3H3R2W0,Hannah,Smith,kelli84@holmes-carey.com,(004)891-3697,"Diaz, Morales and Soto",Working - Contacted,Phone Inquiry,2024-02-12,Pakistan,Contact,Singh LLC,(514)439-5151,https://smith-garcia.com/,Technology,Partner,"760 Mcgee Forks Suite 444
Shermanhaven, IN 04900",2024-12-14,Singapore
003SXT7ECNLFSS8,001KQ9T5I4R78IP,Christina,Torres,qsavage@yahoo.com,(764)550-2987x566,Bond-Casey,Open - Not Contacted,Phone Inquiry,2024-02-24,Tanzania,Contact,"Thomas, Walker and Adams",155-451-8974,https://jimenez.com/,Finance,Prospect,"90311 Heather Drive Apt. 810
North Tiffany, NH 76295",2024-09-14,Macedonia
003BK3FD19Q2WG9,001RNOAWTOXXVRU,Nancy,Phillips,michael25@hotmail.com,+1-355-648-2280x730,Becker-Jenkins,Closed - Converted,Purchased List,2024-05-24,Morocco,Contact,Jones Ltd,001-761-434-0552x881,https://www.wong.com/,Retail,Vendor,"1246 Harmon Path
Michellestad, OR 96825",2024-02-06,Bolivia
003MZ62D6UGXMZK,001HCMYXXJ7EOYW,Kyle,Meyer,kenneth35@webster-brown.com,538.703.0429x424,"Oliver, Sutton and Stewart",Closed - Converted,Web,2024-10-09,Reunion,Contact,Rose-Flores,762-387-2968x288,http://www.smith.org/,Healthcare,Prospect,"13929 Richardson Loaf Suite 311
South Melaniemouth, ME 67532",2024-09-25,Ghana
0031NKJGY7ZSMP1,001ZM8ZJ31LLMOF,Kevin,Rogers,millsdylan@williams.biz,+1-000-716-2951x6203,"Carey, Myers and Edwards",Closed - Converted,Purchased List,2024-10-08,Reunion,Contact,Esparza-Vaughn,001-650-360-4087x966,https://gray-olson.com/,Education,Vendor,"381 Montgomery Gateway
Jaredmouth, CA 53935",2024-04-10,United Arab Emirates
0036VCYPWA55RDZ,001M1K8JBUQ2JDJ,Melissa,Vega,dmcintosh@salazar-woodard.com,+1-313-167-9805,Fisher Ltd,Open - Not Contacted,Web,2024-08-23,Saint Martin,Contact,Oconnor-Guzman,+1-592-472-2601,https://hines-lopez.com/,Healthcare,Customer,"77655 Valerie Circle Apt. 442
Claudiafurt, WY 40473",2024-04-22,Nicaragua
0033XV43PY2TATP,0016SWHP6PWMLD1,Carla,Reynolds,katie89@lewis.info,001-234-001-6884x6108,Gardner and Sons,Working - Contacted,Partner Referral,2024-06-16,Uganda,Contact,Williams-Thompson,308.061.6834,https://www.walters.com/,Education,Partner,"Unit 2162 Box 3237
DPO AP 67612",2024-08-07,Oman
003VZCN1NU6H9YR,001PAXHV2O0J3X9,Charlene,Ford,adamgeorge@hotmail.com,707.819.3915x03549,"Myers, Moody and Lopez",Closed - Not Converted,Other,2024-06-28,Vietnam,Contact,"Smith, Valenzuela and Morris",172-698-8477x534,http://mcbride.info/,Technology,Prospect,"62667 Jones Way
New Genestad, NE 88771",2024-05-24,Saint Barthelemy
003A4ZLV3RYJTXY,0013VJUT5FX3K0X,Susan,Hicks,joserodriguez@wilson.com,(367)190-2044x865,Hines-Anthony,Closed - Converted,Web,2024-11-22,Trinidad and Tobago,Contact,Nunez and Sons,9149465042,https://www.west-moran.org/,Technology,Prospect,"53153 Stephen Lodge
East Jeffery, CA 75275",2024-11-20,Saint Helena
003N3S4QTYBIV2Y,001W3QNKHK6B9BA,Karen,Dunn,gonzalezmia@norris-davidson.com,+1-741-068-1942x78606,"Harrison, Johnson and Harrington",Open - Not Contacted,Web,2024-12-06,Bermuda,Contact,Gibbs-Walls,0536595249,http://anderson-sanders.org/,Education,Vendor,"716 Poole Forges
Bradystad, NM 85994",2024-08-04,Palau
0037U5TYMM3JAGY,0015Q5HH2LI42XO,Alex,Harris,omiller@torres.com,618.816.0912,Johnson-Mcconnell,Open - Not Contacted,Web,2024-11-06,Palau,Contact,Stevens Group,+1-961-413-1946,http://www.cannon-henry.org/,Healthcare,Prospect,"372 Morrison Crest
Aliciaview, NE 37794",2024-06-12,Uganda
003J4G7FL62WQMN,001SQLN4KNCX6KE,Jerry,Green,uwilson@taylor-jackson.info,984.424.0097x466,Holden Ltd,Closed - Not Converted,Purchased List,2024-07-24,Moldova,Contact,Fernandez-Brown,567-023-7447x226,https://www.woods.com/,Retail,Partner,"0170 Smith Hill
Sellersborough, MO 95962",2024-01-07,Mongolia
